Name,Type,Mass,log(q),log(Al/X),error log(Al/X),log(Ti/X),error log(Ti/X),log(Ca/X),error log(Ca/X),log(Ni/X),error log(Ni/X),log(Fe/X),error log(Fe/X),log(Cr/X),error log(Cr/X),log(Mg/X),error log(Mg/X),log(Si/X),error log(Si/X),log(Na/X),error log(Na/X),log(O/X),error log(O/X),log(C/X),error log(C/X),log(N/X),error log(N/X),t_Al,t_Ti,t_Ca,t_Ni,t_Fe,t_Cr,t_Mg,t_Si,t_Na,t_O,t_C,t_N
SDSSJ0002+3209,He,0.6,-5.34,0,0,0,0,-9.1,0.2,0,0,-7.9,0.2,0,0,-7.4,0.2,0,0,0,0,0,0,0,0,0,0,3715352.291,1348962.883,1513561.248,1621810.097,1479108.388,1412537.545,4168693.835,4168693.835,3715352.291,4585563.219,4585563.219,4585563.219
SDSSJ0004+0819,He,0.6,-5.51,0,0,0,0,-8.8,0.2,0,0,-7.6,0.4,0,0,-7.2,0.2,0,0,-8.88,0.407263776,0,0,0,0,0,0,2884031.503,1023292.992,1122018.454,1230268.771,1122018.454,1071519.305,3235936.569,3235936.569,2884031.503,3559530.226,3559530.226,3559530.226
SDSSJ0006+0520,He,0.6,-5.27,0,0,0,0,-9.8,0.2,0,0,-9.6,0.3,0,0,-8.6,0.5,0,0,0,0,0,0,0,0,0,0,3981071.706,1445439.771,1584893.192,1778279.41,1621810.097,1548816.619,4466835.922,4466835.922,3981071.706,4913519.514,4913519.514,4913519.514
SDSSJ0010-0430,He,0.6,-5.32,0,0,0,0,-8.5,0.1,0,0,-7,0.1,0,0,-6.7,0.1,0,0,0,0,0,0,0,0,0,0,3388441.561,1288249.552,1412537.545,1548816.619,1445439.771,1348962.883,3801893.963,3801893.963,3388441.561,4182083.359,4182083.359,4182083.359
SDSSJ0013+1109,He,0.6,-5.44,0,0,0,0,-9.2,0.4,0,0,-8,0.5,0,0,-7.5,0.4,0,0,0,0,0,0,0,0,0,0,3388441.561,1174897.555,1445439.771,1412537.545,1288249.552,1230268.771,3801893.963,3801893.963,3388441.561,4182083.359,4182083.359,4182083.359
SDSSJ0019+2209,He,0.6,-5.38,0,0,0,0,-9.7,0.2,0,0,-8.5,0.2,0,0,-8.4,0.2,0,0,-9.78,0.153179119,0,0,0,0,0,0,3801893.963,1318256.739,1778279.41,1548816.619,1445439.771,1380384.265,4265795.188,4265795.188,3801893.963,4692374.707,4692374.707,4692374.707
SDSSJ0044+0418,He,0.6,-5.3,0,0,0,0,-9.8,0.1,0,0,-8.4,0.2,0,0,-8.3,0.3,0,0,0,0,0,0,0,0,0,0,4570881.896,1513561.248,2454708.916,1819700.859,1698243.652,1584893.192,5128613.84,5128613.84,4570881.896,5641475.224,5641475.224,5641475.224
SDSSJ0046+2717,He,0.6,-5.32,0,0,0,0,-7.2,0.2,0,0,-6.3,0.3,-7.35,0.251779577,-5.4,0.2,0,0,0,0,0,0,0,0,0,0,3090295.433,1230268.771,1288249.552,1479108.388,1380384.265,1288249.552,3467368.505,3467368.505,3090295.433,3814105.356,3814105.356,3814105.356
SDSSJ0047+1628,He,0.6,-5.51,0,0,0,0,-8,0.2,0,0,-6.7,0.2,-8.85,0.192196419,-6.8,0.2,0,0,-8.98,0.171579321,0,0,0,0,0,0,2454708.916,933254.3008,1023292.992,1148153.621,1047128.548,1000000,2691534.804,2691534.804,2454708.916,2960688.284,2960688.284,2960688.284
SDSSJ0052+1846,He,0.6,-5.49,0,0,0,0,-9,0.3,0,0,-7.5,0.3,-9.55,0.325930142,-7.1,0.2,0,0,0,0,0,0,0,0,0,0,3235936.569,1096478.196,1348962.883,1318256.739,1202264.435,1148153.621,3630780.548,3630780.548,3235936.569,3993858.603,3993858.603,3993858.603
SDSSJ0053+3115,He,0.6,-5.41,0,0,0,0,-8.8,0.5,0,0,-7.6,0.5,0,0,-7.6,0.5,0,0,0,0,0,0,0,0,0,0,3388441.561,1202264.435,1318256.739,1445439.771,1318256.739,1258925.412,3801893.963,3801893.963,3388441.561,4182083.359,4182083.359,4182083.359
SDSSJ0056+2453,He,0.6,-5.41,0,0,0,0,-10.2,0.5,0,0,-9.1,0.5,0,0,-9,0.5,0,0,0,0,0,0,0,0,0,0,3981071.706,1288249.552,2137962.09,1548816.619,1412537.545,1348962.883,4466835.922,4466835.922,3981071.706,4913519.514,4913519.514,4913519.514
SDSSJ0108-0537,He,0.6,-5.46,0,0,0,0,-8.5,0.3,0,0,-7.9,0.3,0,0,-8.2,0.3,0,0,-8.98,0.136011257,0,0,0,0,0,0,3090295.433,1096478.196,1230268.771,1318256.739,1230268.771,1148153.621,3467368.505,3467368.505,3090295.433,3814105.356,3814105.356,3814105.356
SDSSJ0114+3505,He,0.6,-5.43,0,0,0,0,-8.4,0.1,0,0,-7.1,0.1,-8.95,0.221170236,-7,0.1,0,0,0,0,0,0,0,0,0,0,3090295.433,1122018.454,1230268.771,1348962.883,1258925.412,1202264.435,3467368.505,3467368.505,3090295.433,3814105.356,3814105.356,3814105.356
SDSSJ0116+2050,He,0.6,-5.42,0,0,-9.73,0.120350181,-8.8,0.1,-8.75,0.120350181,-7.6,0.1,0,0,-7.4,0.1,0,0,-9.28,0.083571324,0,0,0,0,0,0,3311311.215,1174897.555,1288249.552,1412537.545,1318256.739,1230268.771,3715352.291,3715352.291,3311311.215,4086887.52,4086887.52,4086887.52
SDSSJ0117+0021,He,0.6,-5.3,0,0,0,0,-8.8,0.1,0,0,-7.6,0.1,-9.48,0.117328226,-7.2,0.1,0,0,0,0,0,0,0,0,0,0,3801893.963,1380384.265,1513561.248,1659586.907,1548816.619,1479108.388,4265795.188,4265795.188,3801893.963,4692374.707,4692374.707,4692374.707
SDSSJ0126+2534,He,0.6,-5.37,0,0,0,0,-9.5,0.3,0,0,-8.3,0.5,0,0,-8.3,0.5,0,0,0,0,0,0,0,0,0,0,4466835.922,1479108.388,2754228.703,1659586.907,1548816.619,1479108.388,5011872.336,5011872.336,4466835.922,5513059.57,5513059.57,5513059.57
SDSSJ0135+1302,He,0.6,-5.38,0,0,0,0,-9.2,0.1,0,0,-8.1,0.3,0,0,-7.9,0.2,0,0,0,0,0,0,0,0,0,0,3981071.706,1318256.739,1995262.315,1584893.192,1445439.771,1380384.265,4466835.922,4466835.922,3981071.706,4913519.514,4913519.514,4913519.514
SDSSJ0143+0113,He,0.6,-5.36,0,0,0,0,-8.2,0.1,0,0,-7,0.1,0,0,-6.6,0.1,0,0,-8.38,0.077063317,0,0,0,0,0,0,3388441.561,1230268.771,1348962.883,1513561.248,1380384.265,1318256.739,3715352.291,3715352.291,3388441.561,4086887.52,4086887.52,4086887.52
SDSSJ0144+1920,He,0.6,-5.4,0,0,0,0,-8.7,0.2,0,0,-7.6,0.2,0,0,-7.3,0.2,0,0,-8.38,0.178531454,0,0,0,0,0,0,3162277.66,1174897.555,1288249.552,1412537.545,1318256.739,1230268.771,3548133.892,3548133.892,3162277.66,3902947.281,3902947.281,3902947.281
SDSSJ0144+0305,He,0.6,-5.33,0,0,0,0,-8.3,0.3,0,0,-7.2,0.3,0,0,-7.1,0.3,0,0,0,0,0,0,0,0,0,0,3388441.561,1288249.552,1380384.265,1548816.619,1445439.771,1348962.883,3801893.963,3801893.963,3388441.561,4182083.359,4182083.359,4182083.359
SDSSJ0148-0112,He,0.6,-5.29,0,0,0,0,-9,0.2,0,0,-7.9,0.5,0,0,-7.3,0.3,0,0,0,0,0,0,0,0,0,0,3801893.963,1412537.545,1548816.619,1698243.652,1548816.619,1479108.388,4265795.188,4265795.188,3801893.963,4692374.707,4692374.707,4692374.707
SDSSJ0150+1354,He,0.6,-5.56,0,0,0,0,-7.7,0.2,0,0,-6.8,0.2,-10.05,1.84E-01,-6,0.1,0,0,-7.98,0.162413645,0,0,0,0,0,0,2290867.653,870963.59,933254.3008,1047128.548,977237.221,933254.3008,2570395.783,2570395.783,2290867.653,2827435.361,2827435.361,2827435.361
SDSSJ0158-0942,He,0.6,-5.35,0,0,0,0,-9.9,0.2,0,0,-8.8,0.5,0,0,-8.7,0.5,0,0,0,0,0,0,0,0,0,0,4073802.778,1380384.265,2089296.131,1621810.097,1513561.248,1445439.771,4570881.896,4570881.896,4073802.778,5027970.086,5027970.086,5027970.086
SDSSJ0201+2015,He,0.6,-5.4,0,0,0,0,-9,0.2,0,0,-8,0.2,0,0,-7.3,0.2,0,0,0,0,0,0,0,0,0,0,3467368.505,1230268.771,1348962.883,1479108.388,1348962.883,1288249.552,3890451.45,3890451.45,3467368.505,4279496.595,4279496.595,4279496.595
SDSSJ0208-0542,He,0.6,-5.55,0,0,0,0,-8.2,0.3,0,0,-7.1,0.3,0,0,-7.2,0.3,0,0,-8.48,0.369429142,0,0,0,0,0,0,2691534.804,954992.586,1047128.548,1148153.621,1047128.548,1000000,3019951.72,3019951.72,2691534.804,3321946.892,3321946.892,3321946.892
SDSSJ0234-0510,He,0.6,-5.32,0,0,0,0,-8.5,0.2,0,0,-7.3,0.2,0,0,-6.9,0.2,0,0,0,0,0,0,0,0,0,0,3388441.561,1288249.552,1380384.265,1548816.619,1445439.771,1348962.883,3801893.963,3801893.963,3388441.561,4182083.359,4182083.359,4182083.359
SDSSJ0252-0401,He,0.6,-5.3,0,0,0,0,-8.9,0.1,0,0,-8,0.2,-8.95,0.166282167,-6.8,0.1,0,0,-8.58,0.141949847,0,0,0,0,0,0,3801893.963,1445439.771,1548816.619,1778279.41,1621810.097,1548816.619,4168693.835,4168693.835,3801893.963,4585563.219,4585563.219,4585563.219
SDSSJ0252+0054,He,0.6,-5.23,0,0,0,0,-8.5,0.2,0,0,-7.2,0.2,0,0,-7.1,0.2,0,0,-7.98,0.159896394,0,0,0,0,0,0,3630780.548,1348962.883,1479108.388,1621810.097,1513561.248,1445439.771,3981071.706,3981071.706,3630780.548,4379178.877,4379178.877,4379178.877
SDSSJ0447+1124,He,0.6,-5.35,0,0,0,0,-9,0.3,0,0,-7.7,0.3,0,0,-7.3,0.3,0,0,0,0,0,0,0,0,0,0,3548133.892,1288249.552,1412537.545,1548816.619,1412537.545,1348962.883,3890451.45,3890451.45,3548133.892,4279496.595,4279496.595,4279496.595
SDSSJ0721+3928,He,0.6,-5.39,0,0,0,0,-9.3,0.2,0,0,-8.4,0.2,0,0,-7.7,0.2,0,0,0,0,0,0,0,0,0,0,3467368.505,1230268.771,1348962.883,1479108.388,1380384.265,1318256.739,3890451.45,3890451.45,3467368.505,4279496.595,4279496.595,4279496.595
SDSSJ0736+4118,He,0.6,-5.68,0,0,0,0,-8.5,0.3,0,0,-7.3,0.3,-8.95,0.145437628,-7.3,0.3,0,0,-9.68,0.116842217,0,0,0,0,0,0,2344228.815,794328.2347,891250.9381,954992.586,891250.9381,831763.7711,2630267.992,2630267.992,2344228.815,2893294.791,2893294.791,2893294.791
SDSSJ0739+3112,He,0.6,-5.48,0,0,0,0,-9.2,0.4,0,0,-8,0.5,0,0,-7.9,0.5,0,0,0,0,0,0,0,0,0,0,3630780.548,1174897.555,1949844.6,1380384.265,1288249.552,1230268.771,4168693.835,4168693.835,3630780.548,4585563.219,4585563.219,4585563.219
SDSSJ0741+3146,He,0.6,-5.4,0,0,-9.51,0.176384206,-9,0.2,-8.54,0.176384206,-7.5,0.2,-9.05,0.176384206,-7.6,0.2,0,0,0,0,0,0,0,0,0,0,3890451.45,1288249.552,2041737.945,1548816.619,1412537.545,1348962.883,4466835.922,4466835.922,3890451.45,4913519.514,4913519.514,4913519.514
SDSSJ0744+4649,He,0.6,-5.72,0,0,-9.32,0.114834507,-8.3,0.1,0,0,-7.6,0.2,-9.63,0.114834507,-7.6,0.2,0,0,-9.2,0.075411962,0,0,0,0,0,0,2187761.624,741310.2413,831763.7711,891250.9381,831763.7711,776247.1166,2454708.916,2454708.916,2187761.624,2700179.808,2700179.808,2700179.808
SDSSJ0744+4408,He,0.6,-5.39,0,0,0,0,-8.6,0.2,0,0,-7.5,0.2,0,0,-7.4,0.2,0,0,-9.08,0.227924887,0,0,0,0,0,0,3388441.561,1202264.435,1318256.739,1445439.771,1348962.883,1288249.552,3715352.291,3715352.291,3388441.561,4086887.52,4086887.52,4086887.52
SDSSJ0744+2701,He,0.6,-5.28,0,0,0,0,-7.8,0.2,0,0,-7,0.2,0,0,-6.7,0.2,0,0,0,0,0,0,0,0,0,0,3235936.569,1288249.552,1380384.265,1584893.192,1445439.771,1380384.265,3630780.548,3630780.548,3235936.569,3993858.603,3993858.603,3993858.603
SDSSJ0744+1640,He,0.6,-5.38,0,0,0,0,-10.3,0.3,0,0,-9.1,0.5,0,0,-9.1,0.5,0,0,0,0,0,0,0,0,0,0,4677351.413,1698243.652,3548133.892,1698243.652,1548816.619,1513561.248,5370317.964,5370317.964,4677351.413,5907349.76,5907349.76,5907349.76
SDSSJ0758+1013,He,0.6,-5.59,0,0,0,0,-8.5,0.2,0,0,-7.1,0.2,-9.05,0.331961309,-7,0.2,0,0,-8.58,0.320465772,0,0,0,0,0,0,2691534.804,912010.8394,1023292.992,1096478.196,1023292.992,977237.221,3019951.72,3019951.72,2691534.804,3321946.892,3321946.892,3321946.892
SDSSJ0800+2242,He,0.6,-5.27,0,0,0,0,-9.9,0.3,0,0,-8.7,0.5,0,0,-8.7,0.5,0,0,0,0,0,0,0,0,0,0,4570881.896,1548816.619,2398832.919,1862087.137,1737800.829,1621810.097,5128613.84,5128613.84,4570881.896,5641475.224,5641475.224,5641475.224
SDSSJ0806+3055,He,0.6,-5.43,0,0,0,0,-7.9,0.3,0,0,-7,0.3,-8.6,0.242739148,-6.8,0.2,0,0,0,0,0,0,0,0,0,0,2754228.703,1071519.305,1148153.621,1288249.552,1202264.435,1122018.454,3090295.433,3090295.433,2754228.703,3399324.976,3399324.976,3399324.976
SDSSJ0807+4930,He,0.6,-5.7,0,0,-8.97,0.317342773,-8.3,0.2,0,0,-7.2,0.2,-9.25,0.317342773,-6.8,0.2,0,0,-9.18,0.305297291,0,0,0,0,0,0,2238721.139,776247.1166,851138.0382,912010.8394,851138.0382,812830.5162,2511886.432,2511886.432,2238721.139,2763075.075,2763075.075,2763075.075
SDSSJ0816+2330,He,0.6,-5.33,0,0,-8.77,0.254583286,-7.6,0.3,0,0,-6.5,0.3,-7.8,0.254583286,-6,0.3,0,0,0,0,0,0,0,0,0,0,2951209.227,1174897.555,1258925.412,1445439.771,1348962.883,1258925.412,3311311.215,3311311.215,2951209.227,3642442.337,3642442.337,3642442.337
SDSSJ0818+1247,He,0.6,-5.32,0,0,0,0,-9,0.3,0,0,-7.8,0.4,0,0,-7.2,0.3,0,0,0,0,0,0,0,0,0,0,3548133.892,1318256.739,1412537.545,1584893.192,1479108.388,1380384.265,3981071.706,3981071.706,3548133.892,4379178.877,4379178.877,4379178.877
SDSSJ0830-0319,He,0.6,-5.33,0,0,0,0,-9.4,0.1,0,0,-8.2,0.1,0,0,-8.2,0.1,0,0,0,0,0,0,0,0,0,0,3801893.963,1348962.883,1548816.619,1621810.097,1513561.248,1412537.545,4265795.188,4265795.188,3801893.963,4692374.707,4692374.707,4692374.707
SDSSJ0838+2322,He,0.6,-5.35,0,0,0,0,-9.8,0.2,0,0,-8.7,0.5,0,0,-8.6,0.5,0,0,0,0,0,0,0,0,0,0,4365158.322,1445439.771,2398832.919,1698243.652,1548816.619,1479108.388,4897788.194,4897788.194,4365158.322,5387567.013,5387567.013,5387567.013
SDSSJ0842+1406,He,0.6,-5.32,0,0,0,0,-8.4,0.1,0,0,-7.4,0.1,0,0,-7.2,0.1,0,0,0,0,0,0,0,0,0,0,3388441.561,1288249.552,1380384.265,1548816.619,1445439.771,1348962.883,3715352.291,3715352.291,3388441.561,4086887.52,4086887.52,4086887.52
SDSSJ0842+1536,He,0.6,-5.32,0,0,0,0,-9.8,0.4,0,0,-8.6,0.2,0,0,-8.5,0.2,0,0,0,0,0,0,0,0,0,0,4073802.778,1412537.545,1995262.315,1698243.652,1584893.192,1479108.388,4677351.413,4677351.413,4073802.778,5145086.554,5145086.554,5145086.554
SDSSJ0843+5614,He,0.6,-5.36,0,0,0,0,-8.7,0.2,0,0,-7.5,0.2,0,0,-6.9,0.2,0,0,-8.28,0.159019155,0,0,0,0,0,0,3467368.505,1258925.412,1380384.265,1513561.248,1412537.545,1318256.739,3890451.45,3890451.45,3467368.505,4279496.595,4279496.595,4279496.595
SDSSJ0851+1543,He,0.6,-5.45,0,0,0,0,-8.6,0.1,0,0,-8.2,0.2,0,0,-7.4,0.2,0,0,0,0,0,0,0,0,0,0,3019951.72,1096478.196,1202264.435,1318256.739,1230268.771,1148153.621,3388441.561,3388441.561,3019951.72,3727285.717,3727285.717,3727285.717
SDSSJ0852+3402,He,0.6,-5.51,0,0,0,0,-10.1,0.3,0,0,-8.9,0.5,-10.85,0.217347828,-8.9,0.5,0,0,-10.68,0.199349137,0,0,0,0,0,0,3090295.433,1071519.305,1288249.552,1258925.412,1174897.555,1122018.454,3467368.505,3467368.505,3090295.433,3814105.356,3814105.356,3814105.356
SDSSJ0901+0752,He,0.6,-5.51,0,0,-8.77,0.137344195,-7.1,0.2,0,0,-6.1,0.2,-8.05,0.137344195,-5.8,0.2,0,0,-7.68,0.10659938,0,0,0,0,0,0,2238721.139,891250.9381,954992.586,1096478.196,1000000,954992.586,2511886.432,2511886.432,2238721.139,2763075.075,2763075.075,2763075.075
SDSSJ0906+1141,He,0.6,-5.41,0,0,-9.22,0.257050749,-8.5,0.2,0,0,-7.3,0.2,0,0,-6.9,0.2,0,0,-9.03,0.242022907,0,0,0,0,0,0,2884031.503,1096478.196,1202264.435,1348962.883,1230268.771,1174897.555,3235936.569,3235936.569,2884031.503,3559530.226,3559530.226,3559530.226
SDSSJ0908+5136,He,0.6,-5.34,0,0,0,0,-10.1,0.3,0,0,-9,0.3,0,0,-8.9,0.3,0,0,0,0,0,0,0,0,0,0,3981071.706,1380384.265,1819700.859,1659586.907,1513561.248,1445439.771,4466835.922,4466835.922,3981071.706,4913519.514,4913519.514,4913519.514
SDSSJ0908+4119,He,0.6,-5.33,0,0,0,0,-8.7,0.3,0,0,-7.1,0.3,0,0,-6.8,0.2,0,0,0,0,0,0,0,0,0,0,3630780.548,1318256.739,1445439.771,1584893.192,1479108.388,1412537.545,4073802.778,4073802.778,3630780.548,4481183.056,4481183.056,4481183.056
SDSSJ0913+2627,He,0.6,-5.42,0,0,0,0,-9.7,0.3,0,0,-8.5,0.4,0,0,-8.5,0.5,0,0,0,0,0,0,0,0,0,0,4073802.778,1318256.739,2344228.815,1548816.619,1445439.771,1380384.265,4677351.413,4677351.413,4073802.778,5145086.554,5145086.554,5145086.554
SDSSJ0913+4127,He,0.6,-5.56,0,0,-9.12,0.317342773,-8.6,0.3,0,0,-7.4,0.5,-9.5,0.317342773,-7.3,0.3,0,0,0,0,0,0,0,0,0,0,2630267.992,933254.3008,1047128.548,1122018.454,1047128.548,1000000,2951209.227,2951209.227,2630267.992,3246330.15,3246330.15,3246330.15
SDSSJ0916+2540,He,0.6,-5.82,0,0,-8.77,0.116066744,-7.5,0.2,0,0,-7.2,0.2,-8.92,0.116066744,-6.5,0.2,0,0,-9.34,0.07727541,0,0,0,0,0,0,1621810.097,588843.6554,645654.229,707945.7844,660693.448,630957.3445,1778279.41,1778279.41,1621810.097,1956107.351,1956107.351,1956107.351
SDSSJ0924+4301,He,0.6,-5.32,0,0,0,0,-10.2,0.4,0,0,-9,0.5,0,0,-9,0.5,0,0,0,0,0,0,0,0,0,0,4365158.322,1479108.388,2344228.815,1737800.829,1621810.097,1548816.619,5011872.336,5011872.336,4365158.322,5513059.57,5513059.57,5513059.57
SDSSJ0925+3130,He,0.6,-5.47,0,0,0,0,-8.6,0.2,0,0,-7.6,0.2,0,0,-7.4,0.2,0,0,-9.28,0.099111686,0,0,0,0,0,0,3235936.569,1122018.454,1288249.552,1348962.883,1230268.771,1174897.555,3630780.548,3630780.548,3235936.569,3993858.603,3993858.603,3993858.603
SDSSJ0929+4247,He,0.6,-5.4,0,0,0,0,-8.3,0.2,0,0,-7.1,0.2,-8.85,0.178530146,-6.5,0.2,0,0,-8.48,0.156118587,0,0,0,0,0,0,3162277.66,1174897.555,1288249.552,1412537.545,1318256.739,1230268.771,3548133.892,3548133.892,3162277.66,3902947.281,3902947.281,3902947.281
SDSSJ0933+6334,He,0.6,-5.48,0,0,0,0,-8.6,0.3,0,0,-7,0.3,-9.15,0.377373703,-7,0.3,0,0,0,0,0,0,0,0,0,0,2754228.703,1023292.992,1122018.454,1230268.771,1148153.621,1071519.305,3090295.433,3090295.433,2754228.703,3399324.976,3399324.976,3399324.976
SDSSJ0937+5228,He,0.6,-5.39,0,0,0,0,-8.4,0.1,0,0,-7.4,0.2,-9.25,0.125877511,-6.9,0.1,0,0,-8.98,0.09135178,0,0,0,0,0,0,3162277.66,1174897.555,1288249.552,1412537.545,1318256.739,1230268.771,3548133.892,3548133.892,3162277.66,3902947.281,3902947.281,3902947.281
SDSSJ0939+4136,He,0.6,-5.48,0,0,0,0,-8.1,0.2,0,0,-6.6,0.2,-8.35,0.200504435,-6.8,0.2,0,0,-8.38,0.180837021,0,0,0,0,0,0,2818382.931,1047128.548,1122018.454,1258925.412,1148153.621,1096478.196,3162277.66,3162277.66,2818382.931,3478505.426,3478505.426,3478505.426
SDSSJ0939+5019,He,0.6,-5.56,0,0,0,0,-8.4,0.2,0,0,-7,0.2,-8.85,0.211699861,-6.7,0.2,0,0,-9.38,0.193175649,0,0,0,0,0,0,2511886.432,912010.8394,1000000,1096478.196,1023292.992,977237.221,2818382.931,2818382.931,2511886.432,3100221.224,3100221.224,3100221.224
SDSSJ0946+2024,He,0.6,-5.27,0,0,0,0,-8,0.2,0,0,-6.9,0.2,0,0,-6.5,0.2,0,0,0,0,0,0,0,0,0,0,3467368.505,1348962.883,1445439.771,1621810.097,1513561.248,1412537.545,3890451.45,3890451.45,3467368.505,4279496.595,4279496.595,4279496.595
SDSSJ0948+3008,He,0.6,-5.4,0,0,0,0,-9.1,0.2,0,0,-8.1,0.2,0,0,-7.9,0.2,0,0,0,0,0,0,0,0,0,0,3548133.892,1230268.771,1513561.248,1479108.388,1380384.265,1288249.552,3981071.706,3981071.706,3548133.892,4379178.877,4379178.877,4379178.877
SDSSJ0956+5912,He,0.6,-5.3,0,0,0,0,-7.1,0.1,0,0,-6.2,0.1,-7.45,0.122102526,-5.2,0.1,0,0,-6.55,0.086075704,0,0,0,0,0,0,2951209.227,1202264.435,1288249.552,1513561.248,1380384.265,1288249.552,3235936.569,3235936.569,2951209.227,3559530.226,3559530.226,3559530.226
SDSSJ1005+2244,He,0.6,-5.36,0,0,0,0,-9.1,0.4,0,0,-7.8,0.5,0,0,-7.9,0.5,0,0,0,0,0,0,0,0,0,0,3630780.548,1288249.552,1412537.545,1548816.619,1412537.545,1348962.883,4073802.778,4073802.778,3630780.548,4481183.056,4481183.056,4481183.056
SDSSJ1006+1752,He,0.6,-5.4,0,0,0,0,-9.5,0.5,0,0,-8.3,0.5,0,0,-8.3,0.5,0,0,0,0,0,0,0,0,0,0,3801893.963,1288249.552,1905460.718,1513561.248,1412537.545,1348962.883,4365158.322,4365158.322,3801893.963,4801674.154,4801674.154,4801674.154
SDSSJ1014+2827,He,0.6,-5.59,0,0,-9.27,0.337453714,-7.9,0.3,0,0,-6.5,0.3,-8.65,0.337453714,-6.4,0.2,0,0,-8.08,0.326151819,0,0,0,0,0,0,2187761.624,831763.7711,2290867.653,1023292.992,933254.3008,891250.9381,2454708.916,2454708.916,2187761.624,2700179.808,2700179.808,2700179.808
SDSSJ1017+3447,He,0.6,-5.35,0,0,0,0,-9.8,0.5,0,0,-8.6,0.5,0,0,-8.6,0.5,0,0,0,0,0,0,0,0,0,0,3890451.45,1348962.883,1819700.859,1621810.097,1513561.248,1445439.771,4466835.922,4466835.922,3890451.45,4913519.514,4913519.514,4913519.514
SDSSJ1017+2419,He,0.6,-5.32,0,0,0,0,-8.4,0.2,0,0,-7.3,0.2,0,0,-6.7,0.2,0,0,-8.48,0.132191709,0,0,0,0,0,0,3311311.215,1258925.412,1348962.883,1548816.619,1412537.545,1348962.883,3630780.548,3630780.548,3311311.215,3993858.603,3993858.603,3993858.603
SDSSJ1019+3535,He,0.6,-5.51,0,0,0,0,-8.8,0.4,0,0,-7.9,0.4,0,0,-7,0.4,0,0,0,0,0,0,0,0,0,0,2951209.227,1047128.548,1148153.621,1230268.771,1148153.621,1096478.196,3311311.215,3311311.215,2951209.227,3642442.337,3642442.337,3642442.337
SDSSJ1019+2045,He,0.6,-5.48,0,0,0,0,-9.4,0.4,0,0,-8.2,0.5,0,0,-8.2,0.5,0,0,0,0,0,0,0,0,0,0,3548133.892,1148153.621,1778279.41,1380384.265,1258925.412,1202264.435,3981071.706,3981071.706,3548133.892,4379178.877,4379178.877,4379178.877
SDSSJ1024+4531,He,0.6,-5.45,0,0,0,0,-8.4,0.2,0,0,-7.6,0.2,0,0,-7.3,0.2,0,0,0,0,0,0,0,0,0,0,3235936.569,1148153.621,1258925.412,1380384.265,1258925.412,1202264.435,3630780.548,3630780.548,3235936.569,3993858.603,3993858.603,3993858.603
SDSSJ1024+1014,He,0.6,-5.61,0,0,-8.72,0.286592783,-7.7,0.3,0,0,-6.6,0.3,-8.6,0.286592783,-6.1,0.3,0,0,-8.83,0.273194844,0,0,0,0,0,0,2089296.131,812830.5162,870963.59,977237.221,2290867.653,851138.0382,2344228.815,2344228.815,2089296.131,2578651.697,2578651.697,2578651.697
SDSSJ1032+1338,He,0.6,-5.46,0,0,0,0,-9.1,0.3,0,0,-8.1,0.3,0,0,-7.3,0.3,0,0,-8.78,0.274920809,0,0,0,0,0,0,3548133.892,1174897.555,1737800.829,1412537.545,1288249.552,1230268.771,3981071.706,3981071.706,3548133.892,4379178.877,4379178.877,4379178.877
SDSSJ1033+1809,He,0.6,-5.49,0,0,0,0,-8.6,0.3,0,0,-7.6,0.3,0,0,-7.7,0.3,0,0,0,0,0,0,0,0,0,0,2884031.503,1047128.548,1148153.621,1258925.412,1148153.621,1096478.196,3235936.569,3235936.569,2884031.503,3559530.226,3559530.226,3559530.226
SDSSJ1038-0036,He,0.6,-5.28,0,0,-9.15,0.102911616,-7.4,0.1,0,0,-6.9,0.1,0,0,-6.3,0.1,0,0,-8.15,0.055594971,0,0,0,0,0,0,2238721.139,851138.0382,933254.3008,1047128.548,954992.586,912010.8394,2454708.916,2454708.916,2238721.139,2700179.808,2700179.808,2700179.808
SDSSJ1038+0432,He,0.6,-5.56,0,0,0,0,-7.6,0.3,0,0,-7,0.2,-8.8,0.180161151,-6.6,0.2,0,0,-9.23,0.15798114,0,0,0,0,0,0,3311311.215,1318256.739,1412537.545,1621810.097,1479108.388,1380384.265,3715352.291,3715352.291,3311311.215,4086887.52,4086887.52,4086887.52
SDSSJ1040+2407,He,0.6,-5.62,0,0,-9.17,0.132558295,-8.1,0.2,0,0,-7.2,0.2,-9.25,0.132558295,-6.8,0.1,0,0,-8.78,0.100357867,0,0,0,0,0,0,2290867.653,831763.7711,912010.8394,1000000,933254.3008,891250.9381,2570395.783,2570395.783,2290867.653,2827435.361,2827435.361,2827435.361
SDSSJ1041+3432,He,0.6,-5.25,0,0,0,0,-8,0.2,0,0,-6.8,0.2,0,0,-6.8,0.2,0,0,0,0,0,0,0,0,0,0,3630780.548,1380384.265,1513561.248,1698243.652,1584893.192,1479108.388,4073802.778,4073802.778,3630780.548,4481183.056,4481183.056,4481183.056
SDSSJ1043+3516,He,0.6,-5.3,0,0,-10.96,0.144984157,-9.3,0.1,-8.97,0.144984157,-7.6,0.1,-9.34,0.144984157,-7.5,0.1,0,0,0,0,0,0,0,0,0,0,3801893.963,1380384.265,1513561.248,1659586.907,1548816.619,1479108.388,4265795.188,4265795.188,3801893.963,4692374.707,4692374.707,4692374.707
SDSSJ1046+1329,He,0.6,-5.45,0,0,0,0,-9.3,0.3,0,0,-8.2,0.5,0,0,-8.1,0.5,0,0,0,0,0,0,0,0,0,0,3890451.45,1230268.771,2089296.131,1445439.771,1348962.883,1288249.552,4365158.322,4365158.322,3890451.45,4801674.154,4801674.154,4801674.154
SDSSJ1055+3725,He,0.6,-5.65,0,0,0,0,-8.4,0.3,0,0,-8.2,0.5,-9.35,0.160939912,-8.2,0.2,0,0,0,0,0,0,0,0,0,0,2290867.653,812830.5162,891250.9381,977237.221,2290867.653,851138.0382,2570395.783,2570395.783,2290867.653,2827435.361,2827435.361,2827435.361
SDSSJ1058+3143,He,0.6,-5.26,0,0,0,0,-9,0.1,0,0,-7.7,0.2,0,0,-7.4,0.2,0,0,0,0,0,0,0,0,0,0,4073802.778,1479108.388,1621810.097,1778279.41,1659586.907,1584893.192,4570881.896,4570881.896,4073802.778,5027970.086,5027970.086,5027970.086
SDSSJ1102+2827,He,0.6,-5.54,0,0,0,0,-7.8,0.4,0,0,-6.7,0.4,-8.35,0.377373703,-6.2,0.2,0,0,-7.78,0.367302208,0,0,0,0,0,0,2344228.815,891250.9381,977237.221,1096478.196,1000000,954992.586,2630267.992,2630267.992,2344228.815,2893294.791,2893294.791,2893294.791
SDSSJ1102+0214,He,0.6,-5.35,0,0,0,0,-9.8,0.1,0,0,-8.6,0.4,0,0,-8,0.5,0,0,0,0,0,0,0,0,0,0,4265795.188,1412537.545,2344228.815,1698243.652,1548816.619,1479108.388,4897788.194,4897788.194,4265795.188,5387567.013,5387567.013,5387567.013
SDSSJ1103+4144,He,0.6,-5.41,0,0,0,0,-9.4,0.1,0,0,-8.3,0.2,0,0,-7.7,0.2,0,0,-9.23,0.10927814,0,0,0,0,0,0,3715352.291,1258925.412,1737800.829,1513561.248,1380384.265,1318256.739,4168693.835,4168693.835,3715352.291,4585563.219,4585563.219,4585563.219
SDSSJ1105+0228,He,0.6,-5.46,0,0,0,0,-9.1,0.4,0,0,-8,0.4,0,0,-7.6,0.2,0,0,0,0,0,0,0,0,0,0,3388441.561,1148153.621,1412537.545,1380384.265,1288249.552,1202264.435,3801893.963,3801893.963,3388441.561,4182083.359,4182083.359,4182083.359
SDSSJ1112+0700,He,0.6,-5.2,0,0,0,0,-9.7,0.2,0,0,-8.5,0.5,0,0,-7.6,0.3,0,0,-9.93,0.144953624,0,0,0,0,0,0,3981071.706,1548816.619,1659586.907,1862087.137,1737800.829,1621810.097,4466835.922,4466835.922,3981071.706,4913519.514,4913519.514,4913519.514
SDSSJ1132+3323,He,0.6,-5.5,0,0,-8.77,0.281267162,-8.3,0.2,0,0,-7.1,0.2,-8.95,0.281267162,-6.8,0.2,0,0,-8.78,0.267602721,0,0,0,0,0,0,2691534.804,1000000,1071519.305,1202264.435,1096478.196,1047128.548,3019951.72,3019951.72,2691534.804,3321946.892,3321946.892,3321946.892
SDSSJ1134+1542,He,0.6,-5.37,0,0,0,0,-8.5,0.1,0,0,-7.3,0.4,0,0,-6.9,0.1,0,0,-8.48,0.23148293,0,0,0,0,0,0,3311311.215,1230268.771,1318256.739,1479108.388,1380384.265,1288249.552,3715352.291,3715352.291,3311311.215,4086887.52,4086887.52,4086887.52
SDSSJ1144+3720,He,0.6,-5.26,0,0,0,0,-8.5,0.2,0,0,-7.6,0.4,0,0,-7,0.2,0,0,-8.58,0.162780782,0,0,0,0,0,0,3548133.892,1380384.265,1479108.388,1698243.652,1548816.619,1479108.388,3981071.706,3981071.706,3548133.892,4379178.877,4379178.877,4379178.877
SDSSJ1144+1218,He,0.6,-5.47,0,0,0,0,-9.3,0.1,-10.1,0.138393536,-8.3,0.2,-10.19,0.138393536,-7.8,0.2,0,0,0,0,0,0,0,0,0,0,3548133.892,1174897.555,1737800.829,1380384.265,1288249.552,1230268.771,3981071.706,3981071.706,3548133.892,4379178.877,4379178.877,4379178.877
SDSSJ1147+5429,He,0.6,-5.52,0,0,0,0,-9.5,0.5,0,0,-8.3,0.5,0,0,-8.3,0.5,0,0,-10.18,0.389775225,0,0,0,0,0,0,3235936.569,1071519.305,1513561.248,1288249.552,1174897.555,1122018.454,3715352.291,3715352.291,3235936.569,4086887.52,4086887.52,4086887.52
SDSSJ1149+0519,He,0.6,-5.29,0,0,0,0,-8.2,0.1,0,0,-7.5,0.2,0,0,-7.3,0.1,0,0,0,0,0,0,0,0,0,0,3467368.505,1318256.739,1412537.545,1621810.097,1479108.388,1412537.545,3801893.963,3801893.963,3467368.505,4182083.359,4182083.359,4182083.359
SDSSJ1150+4928,He,0.6,-5.23,0,0,0,0,-9.1,0.3,0,0,-7.9,0.5,0,0,-7.5,0.5,0,0,0,0,0,0,0,0,0,0,4073802.778,1513561.248,1659586.907,1819700.859,1698243.652,1621810.097,4570881.896,4570881.896,4073802.778,5027970.086,5027970.086,5027970.086
SDSSJ1152+5101,He,0.6,-5.4,0,0,0,0,-10.4,0.3,0,0,-9.2,0.5,0,0,-9.1,0.5,0,0,0,0,0,0,0,0,0,0,4466835.922,1548816.619,3090295.433,1659586.907,1513561.248,1445439.771,5128613.84,5128613.84,4466835.922,5641475.224,5641475.224,5641475.224
SDSSJ1157+6138,He,0.6,-5.3,0,0,0,0,-9.3,0.3,0,0,-8.2,0.5,0,0,-7.6,0.5,0,0,0,0,0,0,0,0,0,0,3981071.706,1412537.545,1621810.097,1698243.652,1584893.192,1479108.388,4466835.922,4466835.922,3981071.706,4913519.514,4913519.514,4913519.514
SDSSJ1158+0454,He,0.6,-5.62,0,0,-9.27,0.228177752,-8.5,0.2,0,0,-7.5,0.3,-9.15,0.228177752,-7,0.1,0,0,-8.78,0.211104444,0,0,0,0,0,0,2630267.992,891250.9381,1023292.992,1071519.305,977237.221,933254.3008,2951209.227,2951209.227,2630267.992,3246330.15,3246330.15,3246330.15
SDSSJ1158+1845,He,0.6,-5.36,0,0,0,0,-8.6,0.2,0,0,-7.4,0.2,0,0,-6.4,0.1,0,0,0,0,0,0,0,0,0,0,2951209.227,1148153.621,1230268.771,1412537.545,1318256.739,1230268.771,3311311.215,3311311.215,2951209.227,3642442.337,3642442.337,3642442.337
SDSSJ1158+4712,He,0.6,-5.25,0,0,0,0,-8.3,0.1,0,0,-6.9,0.2,0,0,-6.7,0.1,0,0,0,0,0,0,0,0,0,0,3548133.892,1380384.265,1479108.388,1698243.652,1548816.619,1479108.388,3981071.706,3981071.706,3548133.892,4379178.877,4379178.877,4379178.877
SDSSJ1158+5448,He,0.6,-5.4,0,0,0,0,-9,0.3,0,0,-7.8,0.4,0,0,-7.3,0.2,0,0,0,0,0,0,0,0,0,0,3388441.561,1202264.435,1318256.739,1445439.771,1348962.883,1258925.412,3801893.963,3801893.963,3388441.561,4182083.359,4182083.359,4182083.359
SDSSJ1158+5942,He,0.6,-5.43,0,0,0,0,-8.9,0.3,0,0,-8.4,0.3,0,0,-7.7,0.2,0,0,0,0,0,0,0,0,0,0,3311311.215,1174897.555,1318256.739,1412537.545,1288249.552,1230268.771,3715352.291,3715352.291,3311311.215,4086887.52,4086887.52,4086887.52
SDSSJ1205+3536,He,0.6,-5.46,0,0,0,0,-8.9,0.1,0,0,-7.6,0.1,0,0,-7.2,0.1,0,0,-8.88,0.152860513,0,0,0,0,0,0,3090295.433,1096478.196,1202264.435,1318256.739,1230268.771,1174897.555,3467368.505,3467368.505,3090295.433,3814105.356,3814105.356,3814105.356
SDSSJ1211+2326,He,0.6,-5.4,0,0,0,0,-8.3,0.2,0,0,-6.9,0.2,0,0,-6.7,0.1,0,0,-8.28,0.225617437,0,0,0,0,0,0,3235936.569,1174897.555,1288249.552,1445439.771,1318256.739,1258925.412,3630780.548,3630780.548,3235936.569,3993858.603,3993858.603,3993858.603
SDSSJ1217+1157,He,0.6,-5.35,0,0,0,0,-9.6,0.2,0,0,-8.7,0.3,0,0,-7.8,0.2,0,0,0,0,0,0,0,0,0,0,3630780.548,1288249.552,1445439.771,1548816.619,1445439.771,1380384.265,4073802.778,4073802.778,3630780.548,4481183.056,4481183.056,4481183.056
SDSSJ1218+0023,He,0.6,-5.32,0,0,0,0,-9.2,0.2,0,0,-8.5,0.3,0,0,-7.8,0.2,0,0,0,0,0,0,0,0,0,0,4265795.188,1445439.771,2187761.624,1737800.829,1621810.097,1513561.248,4786300.923,4786300.923,4265795.188,5264931.015,5264931.015,5264931.015
SDSSJ1220+0929,He,0.6,-5.39,0,0,0,0,-8.4,0.1,0,0,-7.4,0.1,-8.95,0.16582988,-6.8,0.1,0,0,-8.48,0.141419762,0,0,0,0,0,0,3162277.66,1174897.555,1288249.552,1445439.771,1318256.739,1258925.412,3548133.892,3548133.892,3162277.66,3902947.281,3902947.281,3902947.281
SDSSJ1224+2838,He,0.6,-5.38,0,0,0,0,-10.2,0.1,0,0,-9.1,0.5,0,0,-9,0.5,0,0,0,0,0,0,0,0,0,0,4466835.922,1513561.248,2884031.503,1659586.907,1548816.619,1479108.388,5128613.84,5128613.84,4466835.922,5641475.224,5641475.224,5641475.224
SDSSJ1229+0743,He,0.6,-5.53,0,0,-10.57,0.153707272,-8.9,0.2,0,0,-7.3,0.2,-9.55,0.153707272,-7.3,0.2,0,0,-9.18,0.126987894,0,0,0,0,0,0,2570395.783,954992.586,1047128.548,1148153.621,1071519.305,1000000,2884031.503,2884031.503,2570395.783,3172434.653,3172434.653,3172434.653
SDSSJ1230+3143,He,0.6,-5.31,0,0,0,0,-9.6,0.3,0,0,-8.3,0.3,0,0,-8.1,0.3,0,0,0,0,0,0,0,0,0,0,3890451.45,1412537.545,1584893.192,1698243.652,1548816.619,1479108.388,4365158.322,4365158.322,3890451.45,4801674.154,4801674.154,4801674.154
SDSSJ1234+5208,He,0.6,-5.37,0,0,-8.97,0.124930923,-7.5,0.1,0,0,-6.3,0.1,-8.05,0.124930923,-5.7,0.1,0,0,-8,0.090042964,0,0,0,0,0,0,2818382.931,1122018.454,1202264.435,1380384.265,1258925.412,1202264.435,3090295.433,3090295.433,2818382.931,3399324.976,3399324.976,3399324.976
SDSSJ1238+2149,He,0.6,-5.51,0,0,0,0,-8.9,0.3,0,0,-7.9,0.3,0,0,-7.3,0.2,0,0,-8.68,0.21411469,0,0,0,0,0,0,3235936.569,1071519.305,1445439.771,1288249.552,1174897.555,1122018.454,3630780.548,3630780.548,3235936.569,3993858.603,3993858.603,3993858.603
SDSSJ1245+0822,He,0.6,-5.5,0,0,0,0,-8.3,0.2,0,0,-7.6,0.2,0,0,-7,0.2,0,0,-8.88,0.18249123,0,0,0,0,0,0,2691534.804,1000000,1071519.305,1202264.435,1096478.196,1047128.548,2951209.227,2951209.227,2691534.804,3246330.15,3246330.15,3246330.15
SDSSJ1254+3551,He,0.6,-5.31,0,0,0,0,-9.7,0.2,0,0,-8.1,0.2,0,0,-7.6,0.2,0,0,0,0,0,0,0,0,0,0,3801893.963,1380384.265,1513561.248,1659586.907,1548816.619,1445439.771,4265795.188,4265795.188,3801893.963,4692374.707,4692374.707,4692374.707
SDSSJ1257+3238,He,0.6,-5.56,0,0,0,0,-8.8,0.2,0,0,-7.6,0.4,0,0,-7.2,0.2,0,0,-9.48,0.407263776,0,0,0,0,0,0,3019951.72,1096478.196,1202264.435,1318256.739,1230268.771,1148153.621,3388441.561,3388441.561,3019951.72,3727285.717,3727285.717,3727285.717
SDSSJ1257-0310,He,0.6,-5.45,0,0,0,0,-8.6,0.1,0,0,-7.4,0.2,0,0,-7.1,0.1,0,0,0,0,0,0,0,0,0,0,3019951.72,1000000,1348962.883,1174897.555,1096478.196,1047128.548,3388441.561,3388441.561,3019951.72,3727285.717,3727285.717,3727285.717
SDSSJ1259+3112,He,0.6,-5.35,0,0,0,0,-9.8,0.3,0,0,-8.6,0.4,0,0,-8.6,0.4,0,0,0,0,0,0,0,0,0,0,4168693.835,1412537.545,2187761.624,1659586.907,1548816.619,1479108.388,4677351.413,4677351.413,4168693.835,5145086.554,5145086.554,5145086.554
SDSSJ1259+4729,He,0.6,-5.41,0,0,0,0,-9.8,0.4,0,0,-8.7,0.5,0,0,-8.6,0.5,0,0,0,0,0,0,0,0,0,0,3311311.215,1202264.435,1318256.739,1445439.771,1318256.739,1258925.412,3715352.291,3715352.291,3311311.215,4086887.52,4086887.52,4086887.52
SDSSJ1303+4055,He,0.6,-5.39,0,0,0,0,-8.7,0.3,0,0,-7.9,0.3,0,0,-7.2,0.2,0,0,0,0,0,0,0,0,0,0,3548133.892,1258925.412,1412537.545,1513561.248,1380384.265,1318256.739,3981071.706,3981071.706,3548133.892,4379178.877,4379178.877,4379178.877
SDSSJ1308+0957,He,0.6,-5.23,0,0,0,0,-8.1,0.2,0,0,-6.9,0.3,0,0,-7,0.2,0,0,0,0,0,0,0,0,0,0,3630780.548,1412537.545,1513561.248,1737800.829,1621810.097,1513561.248,4073802.778,4073802.778,3630780.548,4481183.056,4481183.056,4481183.056
SDSSJ1308+0258,He,0.6,-5.41,0,0,0,0,-9.3,0.2,0,0,-7.8,0.2,0,0,-7.9,0.2,0,0,0,0,0,0,0,0,0,0,3467368.505,1202264.435,1412537.545,1445439.771,1348962.883,1288249.552,3890451.45,3890451.45,3467368.505,4279496.595,4279496.595,4279496.595
SDSSJ1314+3748,He,0.6,-5.53,0,0,0,0,-8.2,0.4,0,0,-7.1,0.4,0,0,-6.9,0.2,0,0,-8.43,0.32949592,0,0,0,0,0,0,2691534.804,977237.221,1071519.305,1174897.555,1071519.305,1023292.992,3019951.72,3019951.72,2691534.804,3321946.892,3321946.892,3321946.892
SDSSJ1316+1918,He,0.6,-5.38,0,0,0,0,-10.3,0.4,0,0,-9.2,0.5,0,0,-9.1,0.5,0,0,0,0,0,0,0,0,0,0,4365158.322,1445439.771,2630267.992,1659586.907,1513561.248,1445439.771,5011872.336,5011872.336,4365158.322,5513059.57,5513059.57,5513059.57
SDSSJ1319+3641,He,0.6,-5.22,0,0,0,0,-8.6,0.3,0,0,-7.4,0.3,0,0,-7.2,0.2,0,0,0,0,0,0,0,0,0,0,3981071.706,1513561.248,1621810.097,1819700.859,1698243.652,1584893.192,4466835.922,4466835.922,3981071.706,4913519.514,4913519.514,4913519.514
SDSSJ1320+0204,He,0.6,-5.33,0,0,0,0,-8.3,0.3,0,0,-7.1,0.3,0,0,-7,0.3,0,0,-7.98,0.271491521,0,0,0,0,0,0,3388441.561,1258925.412,1380384.265,1548816.619,1412537.545,1348962.883,3715352.291,3715352.291,3388441.561,4086887.52,4086887.52,4086887.52
SDSSJ1321-0237,He,0.6,-5.6,0,0,0,0,-8.7,0.3,0,0,-7.3,0.3,-9.55,0.279203445,-6.9,0.2,0,0,-8.58,0.265432786,0,0,0,0,0,0,2511886.432,891250.9381,2454708.916,1071519.305,977237.221,933254.3008,2818382.931,2818382.931,2511886.432,3100221.224,3100221.224,3100221.224
SDSSJ1329+1301,He,0.6,-5.33,0,0,0,0,-8.9,0.2,0,0,-8,0.3,0,0,-7.4,0.1,0,0,-9.58,0.138462722,0,0,0,0,0,0,3467368.505,1288249.552,1412537.545,1584893.192,1445439.771,1380384.265,3890451.45,3890451.45,3467368.505,4279496.595,4279496.595,4279496.595
SDSSJ1336+3547,He,0.6,-5.38,0,0,0,0,-8.9,0.1,0,0,-7.9,0.1,-9.8,0.109103573,-7.1,0.1,0,0,-9.4,0.066359549,0,0,0,0,0,0,3311311.215,1202264.435,1318256.739,1479108.388,1348962.883,1288249.552,3630780.548,3630780.548,3311311.215,3993858.603,3993858.603,3993858.603
SDSSJ1339+2643,He,0.6,-5.35,0,0,0,0,-9,0.2,0,0,-8.4,0.2,0,0,-7.6,0.1,0,0,0,0,0,0,0,0,0,0,3801893.963,1318256.739,1513561.248,1584893.192,1479108.388,1412537.545,4265795.188,4265795.188,3801893.963,4692374.707,4692374.707,4692374.707
SDSSJ1340+2702,He,0.6,-5.43,0,0,0,0,-7,0.1,0,0,-5.6,0.1,0,0,-5.1,0.1,0,0,-7.43,0.211104444,0,0,0,0,0,0,2454708.916,1000000,1071519.305,1230268.771,1148153.621,1071519.305,2754228.703,2754228.703,2454708.916,3029651.573,3029651.573,3029651.573
SDSSJ1342+1813,He,0.6,-5.52,0,0,0,0,-9,0.5,0,0,-7.9,0.5,0,0,-7.8,0.5,0,0,0,0,0,0,0,0,0,0,3235936.569,1071519.305,1548816.619,1288249.552,1174897.555,1122018.454,3715352.291,3715352.291,3235936.569,4086887.52,4086887.52,4086887.52
SDSSJ1345+1153,He,0.6,-5.58,0,0,-9.07,0.223728185,-8.1,0.1,0,0,-6.9,0.2,-8.7,0.223728185,-7,0.1,0,0,0,0,0,0,0,0,0,0,2398832.919,891250.9381,954992.586,1071519.305,977237.221,933254.3008,2691534.804,2691534.804,2398832.919,2960688.284,2960688.284,2960688.284
SDSSJ1347+1415,He,0.6,-5.35,0,0,0,0,-8.6,0.2,0,0,-7.3,0.2,-8.85,0.138856505,-7.1,0.1,0,0,0,0,0,0,0,0,0,0,3388441.561,1258925.412,1380384.265,1513561.248,1412537.545,1318256.739,3801893.963,3801893.963,3388441.561,4182083.359,4182083.359,4182083.359
SDSSJ1350+1058,He,0.6,-5.38,0,0,0,0,-9.5,0.3,0,0,-8.3,0.5,0,0,-8.3,0.5,0,0,0,0,0,0,0,0,0,0,4570881.896,1548816.619,3019951.72,1659586.907,1548816.619,1479108.388,5128613.84,5128613.84,4570881.896,5641475.224,5641475.224,5641475.224
SDSSJ1351+2645,He,0.6,-5.59,0,0,-9.07,0.189654297,-8.5,0.2,0,0,-7.8,0.3,-9.65,0.189654297,-7.9,0.2,0,0,-10.18,0.168726857,0,0,0,0,0,0,2344228.815,851138.0382,933254.3008,1023292.992,954992.586,912010.8394,2570395.783,2570395.783,2344228.815,2827435.361,2827435.361,2827435.361
SDSSJ1356+2416,He,0.6,-5.39,0,0,0,0,-9.1,0.2,0,0,-8.2,0.2,0,0,-7.3,0.2,0,0,0,0,0,0,0,0,0,0,3630780.548,1258925.412,1584893.192,1513561.248,1412537.545,1348962.883,4073802.778,4073802.778,3630780.548,4481183.056,4481183.056,4481183.056
SDSSJ1356+0236,He,0.6,-5.27,0,0,0,0,-8,0.1,0,0,-6.7,0.2,0,0,-6.3,0.1,0,0,-8.48,0.142619273,0,0,0,0,0,0,3162277.66,1288249.552,1380384.265,1584893.192,1479108.388,1380384.265,3548133.892,3548133.892,3162277.66,3902947.281,3902947.281,3902947.281
SDSSJ1401+3659,He,0.6,-5.31,0,0,0,0,-10.1,0.1,0,0,-9.2,0.3,0,0,-8.1,0.3,0,0,0,0,0,0,0,0,0,0,4466835.922,1513561.248,2398832.919,1778279.41,1659586.907,1584893.192,5011872.336,5011872.336,4466835.922,5513059.57,5513059.57,5513059.57
SDSSJ1404+3620,He,0.6,-5.41,0,0,0,0,-8.7,0.1,0,0,-8.3,0.2,0,0,-7.3,0.1,0,0,0,0,0,0,0,0,0,0,3548133.892,1230268.771,1584893.192,1479108.388,1348962.883,1288249.552,4073802.778,4073802.778,3548133.892,4481183.056,4481183.056,4481183.056
SDSSJ1405+2542,He,0.6,-5.37,0,0,0,0,-9.5,0.4,0,0,-8.4,0.5,0,0,-7.8,0.3,0,0,0,0,0,0,0,0,0,0,3981071.706,1348962.883,2041737.945,1621810.097,1479108.388,1412537.545,4466835.922,4466835.922,3981071.706,4913519.514,4913519.514,4913519.514
SDSSJ1405+1549,He,0.6,-5.3,0,0,0,0,-8.5,0.1,0,0,-7.3,0.1,0,0,-6.9,0.1,0,0,-9.18,0.102094643,0,0,0,0,0,0,3467368.505,1318256.739,1412537.545,1584893.192,1479108.388,1380384.265,3801893.963,3801893.963,3467368.505,4182083.359,4182083.359,4182083.359
SDSSJ1411+3410,He,0.6,-5.64,0,0,0,0,-8.3,0.4,0,0,-7.1,0.5,-9.05,0.25377411,-6.6,0.2,0,0,-9.18,0.238539931,0,0,0,0,0,0,2398832.919,831763.7711,2290867.653,1000000,933254.3008,870963.59,2691534.804,2691534.804,2398832.919,2960688.284,2960688.284,2960688.284
SDSSJ1421+1843,He,0.6,-5.43,0,0,0,0,-8.5,0.1,0,0,-7.3,0.2,0,0,-6.7,0.1,0,0,0,0,0,0,0,0,0,0,2570395.783,1023292.992,1096478.196,1258925.412,1148153.621,1096478.196,2884031.503,2884031.503,2570395.783,3172434.653,3172434.653,3172434.653
SDSSJ1428+4403,He,0.6,-5.31,0,0,0,0,-9.5,0.1,0,0,-8.9,0.2,0,0,-7.9,0.1,0,0,0,0,0,0,0,0,0,0,3801893.963,1380384.265,1513561.248,1659586.907,1513561.248,1445439.771,4265795.188,4265795.188,3801893.963,4692374.707,4692374.707,4692374.707
SDSSJ1429+3841,He,0.6,-5.31,0,0,0,0,-10.3,0.2,0,0,-9.2,0.5,0,0,-9.1,0.5,0,0,0,0,0,0,0,0,0,0,4365158.322,1479108.388,2344228.815,1778279.41,1621810.097,1548816.619,5011872.336,5011872.336,4365158.322,5513059.57,5513059.57,5513059.57
SDSSJ1430-0151,He,0.6,-5.64,0,0,-8.85,0.180311911,-7.6,0.1,0,0,-6.4,0.1,-8.55,0.180311911,-6,0.1,0,0,-8.18,0.158153044,0,0,0,0,0,0,2041737.945,776247.1166,831763.7711,933254.3008,870963.59,812830.5162,2238721.139,2238721.139,2041737.945,2462593.253,2462593.253,2462593.253
SDSSJ1443+5833,He,0.6,-5.28,0,0,0,0,-8.5,0.2,0,0,-7.3,0.2,0,0,-7.1,0.1,0,0,0,0,0,0,0,0,0,0,3715352.291,1380384.265,1513561.248,1698243.652,1548816.619,1479108.388,4168693.835,4168693.835,3715352.291,4585563.219,4585563.219,4585563.219
SDSSJ1443+3014,He,0.6,-5.38,0,0,0,0,-8.1,0.3,0,0,-7.1,0.2,0,0,-6.5,0.2,0,0,0,0,0,0,0,0,0,0,3090295.433,1174897.555,1258925.412,1412537.545,1318256.739,1230268.771,3467368.505,3467368.505,3090295.433,3814105.356,3814105.356,3814105.356
SDSSJ1445+0913,He,0.6,-5.46,0,0,0,0,-7.7,0.2,0,0,-6.6,0.2,-8.3,0.235489943,-6.2,0.1,0,0,-7.53,0.218987473,0,0,0,0,0,0,2691534.804,1023292.992,1122018.454,1230268.771,1148153.621,1096478.196,3019951.72,3019951.72,2691534.804,3321946.892,3321946.892,3321946.892
SDSSJ1448+1047,He,0.6,-5.34,0,0,0,0,-9.1,0.2,0,0,-7.8,0.2,0,0,-7.5,0.1,0,0,0,0,0,0,0,0,0,0,3630780.548,1318256.739,1445439.771,1584893.192,1445439.771,1380384.265,4073802.778,4073802.778,3630780.548,4481183.056,4481183.056,4481183.056
SDSSJ1500+2315,He,0.6,-5.41,0,0,0,0,-8.2,0.4,0,0,-7,0.4,0,0,-6.6,0.2,0,0,0,0,0,0,0,0,0,0,3090295.433,1148153.621,1258925.412,1380384.265,1288249.552,1202264.435,3467368.505,3467368.505,3090295.433,3814105.356,3814105.356,3814105.356
SDSSJ1502+3744,He,0.6,-5.36,0,0,0,0,-10.1,0.2,0,0,-8.9,0.5,0,0,-8.8,0.5,0,0,0,0,0,0,0,0,0,0,4570881.896,1513561.248,2818382.931,1737800.829,1584893.192,1513561.248,5128613.84,5128613.84,4570881.896,5641475.224,5641475.224,5641475.224
SDSSJ1507+4034,He,0.6,-5.31,0,0,0,0,-8,0.2,0,0,-6.8,0.2,0,0,-6.3,0.1,0,0,0,0,0,0,0,0,0,0,3388441.561,1288249.552,1412537.545,1584893.192,1445439.771,1380384.265,3801893.963,3801893.963,3388441.561,4182083.359,4182083.359,4182083.359
SDSSJ1518+0506,He,0.6,-5.47,0,0,0,0,-9.3,0.2,0,0,-8.7,0.3,0,0,-8.3,0.3,0,0,-9.68,0.12443091,0,0,0,0,0,0,3890451.45,1230268.771,2187761.624,1445439.771,1348962.883,1288249.552,4365158.322,4365158.322,3890451.45,4801674.154,4801674.154,4801674.154
SDSSJ1524+4049,He,0.6,-5.47,0,0,0,0,-8.4,0.1,0,0,-7.5,0.2,-9.15,0.148735641,-7.1,0.1,0,0,-8.68,0.120922665,0,0,0,0,0,0,3162277.66,1122018.454,1230268.771,1318256.739,1230268.771,1174897.555,3548133.892,3548133.892,3162277.66,3902947.281,3902947.281,3902947.281
SDSSJ1534+1242,He,0.6,-5.58,0,0,0,0,-7.9,0.3,0,0,-6.7,0.3,0,0,-6.9,0.2,0,0,0,0,0,0,0,0,0,0,2454708.916,891250.9381,977237.221,1071519.305,1000000,933254.3008,2754228.703,2754228.703,2454708.916,3029651.573,3029651.573,3029651.573
SDSSJ1535+1247,He,0.6,-5.54,0,0,-9.61,0.102267511,-8.6,0.1,-8.89,0.102267511,-7.5,0.1,-9.24,0.102267511,-7,0.1,0,0,-8.71,0.054393417,0,0,0,0,0,0,2754228.703,977237.221,1071519.305,1174897.555,1071519.305,1023292.992,3090295.433,3090295.433,2754228.703,3399324.976,3399324.976,3399324.976
SDSSJ1537+3608,He,0.6,-5.42,0,0,0,0,-9.8,0.3,0,0,-8.6,0.5,0,0,-8.6,0.5,0,0,0,0,0,0,0,0,0,0,3801893.963,1288249.552,1995262.315,1513561.248,1412537.545,1318256.739,4365158.322,4365158.322,3801893.963,4801674.154,4801674.154,4801674.154
SDSSJ1540+5352,He,0.6,-5.38,0,0,0,0,-8.7,0.3,0,0,-7.5,0.3,0,0,-6.8,0.1,0,0,0,0,0,0,0,0,0,0,3311311.215,1202264.435,1318256.739,1445439.771,1348962.883,1288249.552,3715352.291,3715352.291,3311311.215,4086887.52,4086887.52,4086887.52
SDSSJ1542+4650,He,0.6,-5.56,0,0,0,0,-8.1,0.2,0,0,-6.9,0.1,-8.65,0.24096008,-6.5,0.1,0,0,-8.13,0.224859423,0,0,0,0,0,0,2454708.916,912010.8394,1000000,1096478.196,1023292.992,954992.586,2754228.703,2754228.703,2454708.916,3029651.573,3029651.573,3029651.573
SDSSJ1543+2024,He,0.6,-5.5,0,0,0,0,-8.7,0.2,0,0,-7.6,0.4,0,0,-7.1,0.2,0,0,0,0,0,0,0,0,0,0,2630267.992,977237.221,1071519.305,1174897.555,1096478.196,1023292.992,2951209.227,2951209.227,2630267.992,3246330.15,3246330.15,3246330.15
SDSSJ1545+5236,He,0.6,-5.43,0,0,0,0,-8.9,0.1,0,0,-8,0.2,0,0,-7.5,0.1,0,0,0,0,0,0,0,0,0,0,3548133.892,1202264.435,1548816.619,1445439.771,1348962.883,1258925.412,3981071.706,3981071.706,3548133.892,4379178.877,4379178.877,4379178.877
SDSSJ1549+2633,He,0.6,-5.28,0,0,0,0,-9.6,0.2,0,0,-8,0.2,0,0,-7.9,0.1,0,0,0,0,0,0,0,0,0,0,4466835.922,1548816.619,2238721.139,1819700.859,1698243.652,1621810.097,5011872.336,5011872.336,4466835.922,5513059.57,5513059.57,5513059.57
SDSSJ1549+1906,He,0.6,-5.41,0,0,0,0,-8.7,0.2,0,0,-7.3,0.3,-9,0.289907248,-7,0.1,0,0,-9.33,0.276669862,0,0,0,0,0,0,3162277.66,1148153.621,1258925.412,1380384.265,1288249.552,1202264.435,3467368.505,3467368.505,3162277.66,3814105.356,3814105.356,3814105.356
SDSSJ1554+1735,He,0.6,-5.36,0,0,0,0,-8.4,0.1,0,0,-7.6,0.1,0,0,-7.1,0.1,0,0,-8.7,0.064811613,0,0,0,0,0,0,3388441.561,1258925.412,1380384.265,1513561.248,1412537.545,1318256.739,3801893.963,3801893.963,3388441.561,4182083.359,4182083.359,4182083.359
SDSSJ1604+1830,He,0.6,-5.28,0,0,0,0,-9.6,0.1,0,0,-8.5,0.3,0,0,-8.4,0.2,0,0,0,0,0,0,0,0,0,0,4265795.188,1513561.248,2041737.945,1778279.41,1659586.907,1584893.192,4786300.923,4786300.923,4265795.188,5264931.015,5264931.015,5264931.015
SDSSJ1610+4006,He,0.6,-5.39,0,0,0,0,-8.7,0.3,0,0,-7.2,0.2,0,0,-7.3,0.1,0,0,0,0,0,0,0,0,0,0,3235936.569,1202264.435,1288249.552,1445439.771,1318256.739,1258925.412,3630780.548,3630780.548,3235936.569,3993858.603,3993858.603,3993858.603
SDSSJ1612+3534,He,0.6,-5.34,0,0,0,0,-8.5,0.5,0,0,-7.3,0.5,0,0,-7.3,0.3,0,0,0,0,0,0,0,0,0,0,3467368.505,1288249.552,1380384.265,1548816.619,1412537.545,1348962.883,3801893.963,3801893.963,3467368.505,4182083.359,4182083.359,4182083.359
SDSSJ1616+3303,He,0.6,-5.46,0,0,-9.57,0.119139106,-8.2,0.1,0,0,-7.1,0.2,-8.75,0.119139106,-6.7,0.1,0,0,-8.88,0.081817642,0,0,0,0,0,0,2884031.503,1047128.548,1148153.621,1288249.552,1174897.555,1122018.454,3162277.66,3162277.66,2884031.503,3478505.426,3478505.426,3478505.426
SDSSJ1624+3310,He,0.6,-5.29,0,0,0,0,-9.2,0.3,0,0,-8,0.4,0,0,-7.2,0.1,0,0,0,0,0,0,0,0,0,0,3715352.291,1380384.265,1479108.388,1659586.907,1513561.248,1445439.771,4073802.778,4073802.778,3715352.291,4481183.056,4481183.056,4481183.056
SDSSJ1626+3303,He,0.6,-5.4,0,0,-8.77,0.261301019,-8.6,0.2,0,0,-7.5,0.3,0,0,-7.1,0.1,0,0,0,0,0,0,0,0,0,0,3388441.561,1230268.771,1348962.883,1479108.388,1348962.883,1288249.552,3801893.963,3801893.963,3388441.561,4182083.359,4182083.359,4182083.359
SDSSJ1627+4646,He,0.6,-5.36,0,0,0,0,-9.4,0.5,0,0,-8.3,0.5,-9.25,0.21524505,-7.9,0.3,0,0,0,0,0,0,0,0,0,0,3548133.892,1288249.552,1412537.545,1548816.619,1412537.545,1348962.883,3981071.706,3981071.706,3548133.892,4379178.877,4379178.877,4379178.877
SDSSJ1636+1619,He,0.6,-5.56,0,0,0,0,-9.5,0.1,0,0,-8.3,1,0,0,-8.3,1,0,0,-10.18,0.20290384,0,0,0,0,0,0,3630780.548,1122018.454,2089296.131,1258925.412,1174897.555,1122018.454,4073802.778,4073802.778,3630780.548,4481183.056,4481183.056,4481183.056
SDSSJ1641+1856,He,0.6,-5.27,0,0,0,0,-10.4,0.2,0,0,-9.9,0.3,0,0,-9.2,0.5,0,0,0,0,0,0,0,0,0,0,5128613.84,1737800.829,3311311.215,1949844.6,1819700.859,1737800.829,5754399.373,5754399.373,5128613.84,6329839.31,6329839.31,6329839.31
SDSSJ1649+2238,He,0.6,-5.62,0,0,0,0,-8.4,0.2,0,0,-7.4,0.2,-8.61,0.199665853,-6.7,0.2,0,0,-8.07,0.179906789,0,0,0,0,0,0,2570395.783,870963.59,2454708.916,1047128.548,891250.9381,933254.3008,2884031.503,2884031.503,2570395.783,3172434.653,3172434.653,3172434.653
SDSSJ1706+2541,He,0.6,-5.25,0,0,0,0,-10.1,0.3,0,0,-9,0.5,0,0,-8.9,0.5,0,0,0,0,0,0,0,0,0,0,4365158.322,1548816.619,851138.0382,1862087.137,1698243.652,1621810.097,4897788.194,4897788.194,4365158.322,5387567.013,5387567.013,5387567.013
SDSSJ2109-0039,He,0.6,-5.46,0,0,0,0,-8.8,0.5,0,0,-7.6,0.4,0,0,-7.7,0.4,0,0,0,0,0,0,0,0,0,0,3090295.433,1096478.196,1230268.771,1318256.739,1230268.771,1174897.555,3467368.505,3467368.505,3090295.433,3814105.356,3814105.356,3814105.356
SDSSJ2110+0512,He,0.6,-5.45,0,0,0,0,-9.4,0.5,0,0,-8.3,0.5,0,0,-7.7,0.5,0,0,0,0,0,0,0,0,0,0,3467368.505,1174897.555,1584893.192,1412537.545,1288249.552,1230268.771,3890451.45,3890451.45,3467368.505,4279496.595,4279496.595,4279496.595
SDSSJ2123+0016,He,0.6,-5.38,0,0,0,0,-9.6,0.2,0,0,-8.4,0.4,0,0,-8.3,0.5,0,0,-8.78,0.162596974,0,0,0,0,0,0,4466835.922,1513561.248,2884031.503,1659586.907,1548816.619,1479108.388,5128613.84,5128613.84,4466835.922,5641475.224,5641475.224,5641475.224
SDSSJ2157+1206,He,0.6,-5.41,0,0,0,0,-9.1,0.1,0,0,-8.1,0.1,0,0,-7.6,0.1,0,0,-9.28,0.097182995,0,0,0,0,0,0,3467368.505,1202264.435,1348962.883,1445439.771,1348962.883,1288249.552,3890451.45,3890451.45,3467368.505,4279496.595,4279496.595,4279496.595
SDSSJ2225+2338,He,0.6,-5.26,0,0,0,0,-9.3,0.1,0,0,-8.4,0.1,0,0,-7.7,0.1,0,0,0,0,0,0,0,0,0,0,3890451.45,1445439.771,1584893.192,1778279.41,1621810.097,1548816.619,4365158.322,4365158.322,3890451.45,4801674.154,4801674.154,4801674.154
SDSSJ2230+1905,He,0.6,-5.61,0,0,0,0,-8.5,0.3,0,0,-7.1,0.2,-8.95,0.287138842,-6.8,0.2,0,0,-8.78,0.273767628,0,0,0,0,0,0,2511886.432,870963.59,977237.221,1047128.548,977237.221,912010.8394,2818382.931,2818382.931,2511886.432,3100221.224,3100221.224,3100221.224
SDSSJ2231+0906,He,0.6,-5.31,0,0,0,0,-9.9,0.1,0,0,-9,0.2,0,0,-8.1,0.5,0,0,0,0,0,0,0,0,0,0,4466835.922,1513561.248,2454708.916,1778279.41,1659586.907,1584893.192,5128613.84,5128613.84,4466835.922,5641475.224,5641475.224,5641475.224
SDSSJ2235-0056,He,0.6,-5.41,0,0,0,0,-8.4,0.2,0,0,-7.2,0.2,0,0,-7.1,0.1,0,0,-8.58,0.196771629,0,0,0,0,0,0,3235936.569,1174897.555,1288249.552,1412537.545,1318256.739,1230268.771,3630780.548,3630780.548,3235936.569,3993858.603,3993858.603,3993858.603
SDSSJ2238+0213,He,0.6,-5.29,0,0,0,0,-8.6,0.2,0,0,-7.5,0.2,0,0,-7.4,0.2,0,0,0,0,0,0,0,0,0,0,3890451.45,1412537.545,1548816.619,1698243.652,1584893.192,1513561.248,4365158.322,4365158.322,3890451.45,4801674.154,4801674.154,4801674.154
SDSSJ2238-0113,He,0.6,-5.28,0,0,0,0,-9.4,0.2,0,0,-8,0.2,0,0,-7.6,0.2,0,0,0,0,0,0,0,0,0,0,3630780.548,1348962.883,1479108.388,1659586.907,1513561.248,1445439.771,4073802.778,4073802.778,3630780.548,4481183.056,4481183.056,4481183.056
SDSSJ2304+2415,He,0.6,-5.48,0,0,0,0,-9.2,0.2,0,0,-8.9,0.2,0,0,-7.3,0.2,0,0,0,0,0,0,0,0,0,0,3715352.291,1174897.555,1995262.315,1412537.545,1288249.552,1230268.771,4265795.188,4265795.188,3715352.291,4692374.707,4692374.707,4692374.707
SDSSJ2319+3018,He,0.6,-5.27,0,0,0,0,-8.5,0.3,0,0,-7.3,0.3,0,0,-7.2,0.3,0,0,-7.68,0.174328456,0,0,0,0,0,0,3715352.291,1412537.545,1513561.248,1698243.652,1584893.192,1479108.388,4168693.835,4168693.835,3715352.291,4585563.219,4585563.219,4585563.219
SDSSJ2328+0830,He,0.6,-5.5,0,0,0,0,-9,0.3,0,0,-7.8,0.4,0,0,-7.3,0.1,0,0,0,0,0,0,0,0,0,0,2951209.227,1047128.548,1174897.555,1258925.412,1148153.621,1096478.196,3311311.215,3311311.215,2951209.227,3642442.337,3642442.337,3642442.337
SDSSJ2330+2805,He,0.6,-5.32,0,0,0,0,-9.3,0.2,0,0,-8.1,0.4,0,0,-7.5,0.2,0,0,0,0,0,0,0,0,0,0,3715352.291,1348962.883,1479108.388,1621810.097,1513561.248,1412537.545,4168693.835,4168693.835,3715352.291,4585563.219,4585563.219,4585563.219
SDSSJ2333+1058,He,0.6,-5.42,0,0,0,0,-8.7,0.3,0,0,-7.6,0.4,0,0,-7,0.2,0,0,-8.58,0.30244085,0,0,0,0,0,0,3311311.215,1174897.555,1288249.552,1412537.545,1318256.739,1230268.771,3715352.291,3715352.291,3311311.215,4086887.52,4086887.52,4086887.52
SDSSJ2340+0124,He,0.6,-5.47,0,0,0,0,-8.8,0.1,0,0,-8,0.2,0,0,-7.2,0.1,0,0,0,0,0,0,0,0,0,0,2951209.227,1071519.305,1174897.555,1288249.552,1174897.555,1122018.454,3311311.215,3311311.215,2951209.227,3642442.337,3642442.337,3642442.337
SDSSJ2340+0817,He,0.6,-5.51,0,0,0,0,-8.7,0.2,0,0,-7.2,0.3,0,0,-7.4,0.3,0,0,0,0,0,0,0,0,0,0,3090295.433,1047128.548,1288249.552,1258925.412,1174897.555,1096478.196,3467368.505,3467368.505,3090295.433,3814105.356,3814105.356,3814105.356
SDSSJ2343-0010,He,0.6,-5.41,0,0,0,0,-9.6,0.3,0,0,-8.5,0.5,0,0,-7.9,0.3,0,0,0,0,0,0,0,0,0,0,3630780.548,1230268.771,1621810.097,1479108.388,1380384.265,1318256.739,4073802.778,4073802.778,3630780.548,4481183.056,4481183.056,4481183.056
SDSSJ2352+1922,He,0.6,-5.5,0,0,0,0,-8.3,0.2,0,0,-7.2,0.3,0,0,-6.8,0.1,0,0,0,0,0,0,0,0,0,0,2754228.703,1000000,1096478.196,1202264.435,1122018.454,1047128.548,3090295.433,3090295.433,2754228.703,3399324.976,3399324.976,3399324.976
SDSSJ2352+3344,He,0.6,-5.29,0,0,0,0,-8.3,0.2,0,0,-7.1,0.3,0,0,-6.9,0.2,0,0,-8.38,0.192905041,0,0,0,0,0,0,3548133.892,1348962.883,1445439.771,1621810.097,1513561.248,1412537.545,3890451.45,3890451.45,3548133.892,4279496.595,4279496.595,4279496.595
SDSSJ2357+2348,He,0.6,-5.41,0,0,0,0,-9.2,0.1,0,0,-7.8,0.3,0,0,-7.3,0.1,0,0,0,0,0,0,0,0,0,0,3467368.505,1202264.435,1412537.545,1445439.771,1348962.883,1288249.552,3890451.45,3890451.45,3467368.505,4279496.595,4279496.595,4279496.595
GaiaJ1814-7355,H,0.58,-10.165,0,0,0,0,-7.22,0.15,0,0,-6.06,0.19,0,0,-6.14,0.08,0,0,0,0,0,0,0,0,0,0,310.4559588,266.6858665,325.0872974,240.9905429,233.3458062,230.1441817,314.0508694,325.0872974,342.7677865,527.2298614,580.7644175,597.0352866
SDSSJ2047-1259,He,0.617,-8.92,0,0,0,0,-6.9,0.1,-7.4,0.1,-6.4,0.2,0,0,-5.6,0.1,-5.6,0.1,0,0,-4.8,0.1,-6.1,0.1,0,0,4700,3000,3500,2500,2600,3000,5100,4700,5100,7000,8600,7700