wdid,name,icrsra,icrsdec,spectype,teff,logg,Dpc,V,su
* alf CMa B,Gaia EDR3 2947050466531873024,06 45 08.79,-16 43 15.36,DA,26083.0,8.61,2.67,8.44,
* omi02 Eri B,40 Eri B,04 15 21.36,-07 39 21.60,DA,17099.0,7.95,4.98,9.52,
2MASS J02230030+5544272,Gaia EDR3 457474219590579328,02 23 00.45,55 44 25.94,DA,6868.80544,8.306656,38.30,,
2MASS J02494417+3307251,Gaia EDR3 139623068897753856,02 49 44.43,33 07 29.83,DA,5715.0,7.994,35.71,,18.47
2MASS J03432310+1958133,Gaia EDR3 63126196662620416,03 43 23.21,19 58 16.19,DA,7051.78628,8.424947,20.76,,
2MASS J04325585-3557289,Gaia EDR3 4867574023826934272,04 32 56.26,-35 57 28.38,DA,5153.0,8.0,26.30,17.03,
2MASS J04332980+0414477,Gaia EDR3 3282093301842469376,04 33 29.90,04 14 40.58,DA,4900.99215,8.015474,24.30,,
2MASS J04555136+3840505,Gaia EDR3 199060743352070528,04 55 51.71,38 40 50.03,DA,4999.82762,7.992796,32.26,,
2MASS J05155350+2839169,Gaia EDR3 3422405214775411840,05 15 53.75,28 39 15.17,DAH,6391.24475,8.178033,30.06,,
2MASS J06023672+0904237,Gaia EDR3 3329569015639064192,06 02 36.82,09 04 19.67,DA,5848.68601,7.898708,37.30,,
2MASS J06322939+2230050,Gaia EDR3 3382277296672027136,06 32 29.20,22 30 02.10,DA,5369.12663,7.910026,37.19,,
2MASS J06443019+2731115,Gaia EDR3 3386162214851684864,06 44 30.00,27 31 10.67,DA,6961.0,8.388,38.58,,17.72
2MASS J06503681+1657538,Gaia EDR3 3358418684623972864,06 50 36.60,16 57 50.83,DA,5034.31886,8.026335,29.19,,
2MASS J06533021-3954292,Gaia EDR3 5564029702750970112,06 53 30.12,-39 54 25.56,DA,7100.0,8.03,24.79,15.46,
2MASS J06533533-3955335,Gaia EDR3 5564028981196462336,06 53 35.25,-39 55 29.66,DA,6360.0,8.14,24.84,16.07,
2MASS J07535663-2524016,Gaia EDR3 5602379190880667904,07 53 56.27,-25 23 58.18,DA,4975.0,7.937,17.82,16.27,
2MASS J10143597+4226228,Gaia EDR3 805470233890349440,10 14 36.16,42 26 20.40,DA,7799.0,8.458,31.26,,16.76114
2MASS J10221035+4612491,Gaia EDR3 833470465721350784,10 22 10.37,46 12 47.40,DA,7035.67,8.16132,32.95,,16.94785
2MASS J10280776-6327128,2MASS J10280776-6327128,10 28 07.76,-63 27 12.85,DAZ?,,,20.75,,
2MASS J10480182+6334487,Gaia EDR3 1055313016981775488,10 48 01.22,63 34 46.55,DA,5151.0,7.95,34.34,,19.426
2MASS J11094130+5512289,Gaia EDR3 843807902246527232,11 09 41.45,55 12 25.78,DA,7050.0,8.585,35.80,,17.83008
2MASS J11153694+0033171,Gaia EDR3 3810099989754827136,11 15 36.99,00 33 13.07,DA,4989.0,7.524,39.89,,19.522
2MASS J11505233+6831161,Gaia EDR3 1058284412796260480,11 50 52.40,68 31 15.31,DA,6709.0,8.269,17.09,15.25,16.01225
2MASS J13002125+0130453,Gaia EDR3 3690395231125833600,13 00 20.86,01 30 47.71,DA,5385.0,7.992,35.97,,19.105
2MASS J18571395+2026292,Gaia EDR3 4518917168694695168,18 57 13.92,20 26 23.59,DA+DC?,6650.0,8.296,32.61,,17.514
2MASS J19131653+2949275,Gaia EDR3 2039140284770609152,19 13 16.49,29 49 32.87,DA,6134.89114,8.120674,37.08,,
2MASS J19492350+0747318,Gaia EDR3 4298029268399256704,19 49 23.64,07 47 29.71,DA,9216.08052,8.075999,36.53,,
2MASS J20124874-4659024,Gaia EDR3 6672244029484054272,20 12 49.05,-46 59 05.84,DA8.5,5827.0,,27.76,,
2MASS J22415762+1332390,Gaia EDR3 2731866347221858432,22 41 57.70,13 32 32.81,DA,5992.0,8.258,35.69,,18.43482
2MASS J23095848+5506491,Gaia EDR3 1996725077535283200,23 09 59.29,55 06 50.20,DA,5517.44761,8.104933,16.42,,
BD-07 3632,Gaia EDR3 3630035787972473600,13 30 12.44,-08 34 37.03,DA,14714.0,8.0,16.09,12.33,
BPM 24602,Gaia EDR3 5923906524348891904,17 02 56.33,-53 14 38.92,DA,15507.0,8.07,26.69,13.47,
CD-32 5613,Gaia EDR3 5639391810273308416,08 41 31.08,-32 56 11.38,DA,9093.0,7.76,8.52,11.86,
CD-38 10980,Gaia EDR3 6018034958869558912,16 23 33.94,-39 13 46.15,DA,25954.0,7.96,12.91,11.04,
CPD-69 177,Gaia EDR3 4646535078125821568,03 10 31.14,-68 36 05.03,DA,16246.0,8.14,10.40,11.38,
EGGR 117,Gaia EDR3 4458207634145130368,16 11 25.62,13 22 09.23,DA,8529.0,8.326,22.27,15.103,15.354
EGGR 120,Gaia EDR3 1326398777041821568,16 39 27.80,33 25 14.78,DA,9816.0,7.983,30.50,14.65,15.045
EGGR 126,Gaia EDR3 4257461275049675008,18 29 09.88,-04 29 40.24,DA,9125.0,8.0,25.80,14.57,
EGGR 130,Gaia EDR3 4320094439580536320,19 13 38.69,13 36 24.47,DA,13645.8676,7.972408,33.73,14.0,
EGGR 140,Gaia EDR3 6424566979354709248,20 44 21.98,-68 05 25.01,DA,17105.0,8.59,19.57,13.25,
EGGR 155,Gaia EDR3 2836609093355562496,22 49 06.15,22 36 32.94,DA,10072.0,8.607,17.83,14.36,14.73166
EGGR 161,Gaia EDR3 2865535629374939520,23 32 04.05,26 58 46.58,DAH,9627.0,8.448,29.14,15.29,15.729
EGGR 162,Gaia EDR3 2871730307948650368,23 43 50.45,32 32 45.77,DA,12674.0,8.008,18.60,12.93,14.301
EGGR 183,Gaia EDR3 3875652014008894720,10 15 02.30,08 06 38.32,DA,6574.57359,7.931709,29.49,16.03,16.78444
EGGR 185,Gaia EDR3 4021565827014024576,11 45 56.48,31 49 26.49,DA,16053.0,8.026,31.33,13.65,13.772
EGGR 196,Gaia EDR3 4462612140287443840,16 41 36.63,15 12 27.20,DA,7363.0,7.906,31.05,15.66,16.295
EGGR 298,Gaia EDR3 1281989124439286912,14 58 06.66,29 37 19.94,DAZ,7320.32829,7.97381,28.57,15.6,16.158
EGGR 30,Gaia EDR3 46896958359881728,04 10 10.40,18 02 22.43,DA,12958.2944,7.999732,34.11,14.14,
EGGR 302,Gaia EDR3 2735175263041913088,22 09 47.38,14 29 51.13,DA,7586.00927,8.151428,27.17,15.61,16.136
EGGR 314,Gaia EDR3 452244667407804800,02 36 19.88,52 44 09.75,DA,17152.9778,8.322069,28.84,,
EGGR 324,Gaia EDR3 696261653777188864,09 33 40.86,29 11 20.48,DA,8254.22815,8.475686,29.44,15.98,16.40054
EGGR 328,Gaia EDR3 4435778215414219520,16 38 54.14,05 40 34.83,DA,8497.27083,8.524538,36.03,15.76,
EGGR 342,Gaia EDR3 1100655330324351616,06 53 26.36,64 03 35.67,DA,5857.66104,8.103207,27.90,16.65,
EGGR 353,Gaia EDR3 863131372427958912,11 45 44.09,63 05 53.64,DA,5524.0,7.928,24.01,,17.854
EGGR 360,Gaia EDR3 3725570772761744384,13 47 23.40,10 21 35.76,DA+DC?,6995.0,8.008,20.81,15.08,15.79
EGGR 370,Gaia EDR3 1638563322306634368,17 13 05.92,69 31 20.02,DA,15664.5307,7.99761,26.25,,13.434
EGGR 377,Gaia EDR3 1789361097242243584,21 02 02.53,19 12 52.80,DA,6621.69324,8.016353,32.77,16.36,
EGGR 4,Gaia EDR3 2544456862306151680,00 35 35.68,01 53 02.82,DA,10662.0,8.682,31.84,15.52,15.87
EGGR 411,Gaia EDR3 127366331745660288,02 31 41.44,27 09 53.14,DA,4801.3794,7.847769,28.16,,19.582
EGGR 419,Gaia EDR3 3292685210887016192,04 40 28.43,09 23 35.34,DA,6327.0,8.295,32.56,16.96,17.845
EGGR 421,Gaia EDR3 1114054838014073984,06 07 15.58,73 31 50.27,DA,6450.601,8.49926,32.25,,
EGGR 462,Gaia EDR3 2790494815860044544,01 04 56.23,21 19 51.98,DA,5210.15399,8.337053,32.62,17.95,19.617
EGGR 472,Gaia EDR3 25405350031335296,02 42 08.63,11 12 28.31,DAH,8299.27364,8.420949,33.89,16.18,
EGGR 476,Gaia EDR3 8578256576520320,02 59 59.66,08 11 55.22,DAH,6456.72662,7.778163,29.47,15.9,
EGGR 511,MCT 0032-1735,00 35 18.20,-17 18 51.64,DA,9840.0,8.216,33.0,14.94,
EGGR 517,Gaia EDR3 372111985092019840,01 24 22.54,40 23 56.04,DA,5227.0,8.087,27.05,17.12,18.934
EGGR 519,Gaia EDR3 303637562009656704,01 45 11.62,31 32 41.21,DA,8847.0,7.551,36.62,14.78,15.285
EGGR 52,LHS 230A,07 30 47.31,48 10 26.61,DA,4934.0,7.89,11.11,15.26,
EGGR 531,Gaia EDR3 676031052142751488,08 16 41.92,21 37 29.53,DA,6167.0,7.973,39.35,17.02,17.952
EGGR 557,MCT 2336-1842,23 38 52.89,-18 26 14.92,DA,7711.0,7.392,37.0,15.6,
EGGR 562,Gaia EDR3 2803596046661176576,00 54 46.47,22 56 08.48,DA,9619.57202,8.635248,36.53,16.09,16.517
EGGR 57,Gaia EDR3 5725503293214289280,07 55 08.88,-14 45 55.91,DA,19440.0,7.92,39.14,13.56,
EGGR 576,Gaia EDR3 1408135749896103936,17 05 31.00,48 03 09.14,DA,13545.0,8.04,39.45,13.8,14.771
EGGR 577,Gaia EDR3 1408135749896104192,17 05 30.48,48 03 11.24,DA,8742.0,7.118,39.40,14.45,14.955
EGGR 581,Gaia EDR3 6831993452567326592,21 10 50.13,-21 29 31.45,DA,5935.0,8.057,31.86,16.8,
EGGR 64,Gaia EDR3 818602457173176192,09 16 40.76,43 59 37.29,DA,8671.0,8.017,33.53,15.35,15.79781
EGGR 67,Gaia EDR3 820105214691139584,09 46 39.07,43 54 56.83,DA,13954.0,7.564,32.03,13.29,14.887
EGGR 69,Gaia EDR3 642685200933153408,09 57 48.03,24 32 50.52,DA,8521.60707,8.068733,27.56,15.08,15.37164
EGGR 7,Gaia EDR3 2552121179905893888,01 03 50.27,05 04 34.27,DA,8057.20457,7.522636,22.02,14.05,14.496
EGGR 70,Gaia EDR3 3754712881779364992,10 33 42.39,-11 41 38.79,DA,26310.0,7.92,35.72,13.0,
EGGR 75,Gaia EDR3 861050512312844672,11 07 42.36,59 58 26.99,DA,17766.0,8.089,34.49,13.74,13.79
EGGR 76,Gaia EDR3 3788194488314248832,11 07 59.89,-05 09 33.12,DA,15141.0,7.85,24.82,12.92,
EGGR 94,Gaia EDR3 1460689760003983232,12 59 46.27,27 34 05.32,DAZ,8583.43537,8.05043,32.98,15.41,15.85509
Feige 22,Gaia EDR3 2516322146457318144,02 30 16.71,05 15 50.30,DA,18372.0,7.848,26.52,12.78,12.758
G 134-22,Gaia EDR3 351429930856782464,02 16 59.27,42 57 55.90,DA,5363.05298,7.982326,20.53,16.21,
G 150-43,Gaia EDR3 1451566149955227520,13 49 44.30,27 55 22.87,DA,7243.62215,8.399323,29.99,,16.97444
G 160-51,Gaia EDR3 3189621320226676736,04 12 26.63,-11 17 47.87,DAP,7385.0,7.582,35.12,15.446,
G 233-2,Gaia EDR3 2198431172852758656,22 11 54.37,56 49 48.83,DA,16361.1414,8.052765,37.83,12.78,
G 250-27,Gaia EDR3 1100267237077449728,06 53 50.11,63 55 51.68,DA,6027.34649,8.036768,27.80,16.28,
G 274-95,Gaia EDR3 5025127443016406144,01 47 43.81,-27 11 41.54,DA,6760.0,8.003,35.35,,
GALEX J081237.8+173701,Gaia EDR3 657056745624156416,08 12 37.89,17 37 00.03,DA,16273.0,8.075,27.04,13.46,14.01
GD 1192,MCT 2333-1634,23 35 36.72,-16 17 45.93,DA,14236.0,8.09,24.0,13.57,
GD 1212,Gaia EDR3 2439184705619919488,23 38 50.77,-07 41 20.33,DA,10808.0,8.004,18.66,13.26,13.732
GD 125,Gaia EDR3 730459763934332416,10 54 43.14,27 06 56.50,DA,22580.8799,8.393396,37.75,14.12,13.86
GD 133,Gaia EDR3 3810933247769901696,11 19 12.29,02 20 33.54,DAZ,12145.6537,8.042858,38.24,14.57,14.944
GD 140,Gaia EDR3 4019458647338779648,11 37 04.92,29 47 58.09,DA,21827.0,8.549,15.69,12.49,12.29
GD 165,Gaia EDR3 1176717792385803136,14 24 38.92,09 17 11.77,DA,11908.0,8.016,33.34,14.32,15.027
GD 175,Gaia EDR3 6332763530870415488,15 05 49.09,-07 14 41.25,DAH,6640.0,8.005,26.97,15.88,
GD 178,Gaia EDR3 1276688069644366592,15 11 27.42,32 04 18.90,DA,14734.0,8.091,34.15,,14.478
GD 187,Gaia EDR3 1370654257498865536,15 40 33.15,33 08 53.85,DA,8812.0,8.06,29.56,15.03,15.518
GD 194,Gaia EDR3 1202826348825240832,15 52 26.20,18 10 20.56,DA,14734.0,8.41,36.87,14.83,15.221
GD 215,Gaia EDR3 4280632829779587072,18 43 25.58,04 20 23.93,DA,8807.06507,8.116098,24.88,16.35,
GD 219,Gaia EDR3 4319908862597055232,19 21 40.38,14 40 40.19,DA,15135.0994,8.15305,19.88,13.0,13.51
GD 25,Gaia EDR3 332820971434386432,02 16 16.13,39 51 23.86,DA,9113.62836,8.331054,20.33,14.58,
GD 262,Gaia EDR3 876571935709366272,08 09 46.37,29 20 31.06,DA,6993.975,8.073242,32.24,,16.81618
GD 279,Gaia EDR3 356922880493142016,01 52 02.97,47 00 08.60,DA,14335.4305,8.003674,16.51,12.44,
GD 283,Gaia EDR3 457817164137702784,02 35 31.09,57 15 23.97,DA,12689.6384,8.055016,26.66,13.68,
GD 309,Gaia EDR3 859082970614616448,11 26 52.72,59 19 16.23,DA,10364.0,8.633,25.43,15.13,15.44753
GD 31,Gaia EDR3 2488960249844340352,02 34 07.99,-05 11 37.86,DA,12635.0,8.554,24.01,14.24,14.568
GD 32,Gaia EDR3 133116227803380224,02 40 50.25,31 42 54.92,DA,7229.0,8.075,33.06,,16.705
GD 340,Gaia EDR3 1620030637207462912,15 09 38.67,63 32 23.89,DA,10269.9105,7.953055,34.83,14.65,
GD 348,Gaia EDR3 1641386833807056640,15 37 44.14,65 01 51.42,DA,9480.0,7.983,28.85,14.64,15.256
GD 353,Gaia EDR3 1403348682426861568,15 55 33.82,50 25 47.65,DA,6186.0,8.061,30.53,,17.528
GD 356,Gaia EDR3 1425909733315616000,16 40 56.93,53 41 06.27,DAH,7743.0,8.269,20.14,15.05,15.551
GD 393,Gaia EDR3 2169025009235266816,21 00 31.22,50 51 16.12,DA,9535.4977,8.054791,34.03,15.93,
GD 395,Gaia EDR3 1951870157081161216,21 34 24.36,36 55 18.07,DA,7365.3162,8.085983,39.44,,
GD 402,Gaia EDR3 1999615350008375552,22 18 51.38,48 39 28.29,DA,7120.16518,7.744651,39.58,16.13,
GD 419,Gaia EDR3 572487740053132288,01 41 27.65,83 35 00.19,DA,18925.3485,8.047664,27.10,,
GD 426,Gaia EDR3 466384799259137920,03 06 16.83,62 22 20.66,DA,10919.4958,8.119317,38.13,14.95,
GD 462,Gaia EDR3 1053211437944753024,10 09 36.12,63 58 36.02,DA,20305.0,8.006,39.40,13.692,13.614
GD 484,Gaia EDR3 1679365202380970880,13 01 21.52,67 13 07.79,DA,6666.0,8.256,30.81,,17.298
GD 5,Gaia EDR3 384636109728592768,00 11 22.39,42 40 37.29,DA,7070.95884,7.99424,23.43,15.23,
GD 50,Gaia EDR3 3251244858154433536,03 48 50.28,-00 58 34.90,DA,37537.0,9.093,31.04,13.99,13.396
GD 548,Gaia EDR3 2191146977029443584,21 20 42.17,58 19 21.13,DA,7979.77694,7.989925,38.76,16.0,
GD 64,Gaia EDR3 201881364339401728,04 57 22.57,41 55 53.06,DA,14150.2802,7.785325,38.11,13.976,
GD 69,Gaia EDR3 194394347281717504,05 36 20.02,41 29 56.20,DA,7384.25265,7.231709,32.15,14.78,
GD 86,Gaia EDR3 976040702520790400,07 34 27.25,48 41 12.19,DA,14244.8303,8.609585,32.51,,
GD 89,Gaia EDR3 926002203218885504,07 47 25.74,44 08 45.68,DA,14704.0,8.42,38.33,,15.038
GJ 1004,Gaia EDR3 395234439752169344,00 12 13.97,50 25 11.91,DAH,6476.2025,8.238748,10.87,14.36,
GJ 1042,Gaia EDR3 333010327952701696,02 11 22.27,39 55 13.51,DAZ,7224.0,7.97,17.17,14.526,
GJ 1052,Gaia EDR3 2495751967528809216,02 46 31.04,-02 27 31.31,DAZ,6784.0,8.156,21.46,15.53,16.267
GJ 1060 A,Gaia EDR3 5060587895604134400,03 28 49.66,-27 18 54.08,DA,9207.0,7.71,22.97,13.77,14.42
GJ 1098,Gaia EDR3 1089400763661597440,07 33 30.98,64 09 23.31,DAP,5126.4521,7.818318,19.97,16.22,
GJ 1112,Gaia EDR3 710766750855439360,08 30 39.27,32 41 38.80,DA,7487.0,8.46,22.39,15.73,16.24123
GJ 1133,Gaia EDR3 1052520154368111872,10 23 09.78,63 27 45.04,DA,6789.57711,8.03457,15.94,14.71,15.399
GJ 1201,Gaia EDR3 4452521234885949184,16 27 53.38,09 12 08.49,DA,6784.1153,8.3397,25.09,16.14,16.826
GJ 1260,Gaia EDR3 1841683423932168832,21 13 46.05,26 21 27.23,DA,8136.55652,7.529235,31.69,14.68,
GJ 1275,Gaia EDR3 1884744525522874880,22 51 24.56,29 39 46.65,DA,5612.64919,7.71443,19.98,15.55,16.80635
GJ 2076,Gaia EDR3 5242316444456199808,09 55 22.45,-71 18 10.04,DA,14730.0,7.8,30.55,13.48,
GJ 2080,Gaia EDR3 3882611201058534400,10 29 07.88,11 27 14.37,DAH,6814.0,8.25,33.76,16.65,17.34
GJ 2092,Gaia EDR3 5860131207828395648,12 26 41.93,-66 12 21.39,DA,7491.0,7.76,15.39,13.952,
GJ 2131 B,Gaia EDR3 4149820323678136192,17 45 54.62,-13 17 53.84,DA,12850.0,8.0,38.80,14.22,
GJ 2135,Gaia EDR3 4152557420406043264,18 24 04.32,-13 08 52.52,DAZ,5930.0,7.97,19.06,15.56,
GJ 2139,Gaia EDR3 4107012041007171456,18 42 57.49,-11 08 57.20,DA,10260.0,8.3,24.15,,
GJ 2145,Gaia EDR3 4320303621677848832,19 14 35.88,14 28 19.56,DA,6729.35155,8.125833,39.12,16.03,
GJ 2147,Gaia EDR3 6749419923164242816,20 10 56.43,-30 13 10.62,DA,16041.0,7.95,16.21,12.24,
GJ 2152,Gaia EDR3 1739921801713625600,21 13 29.27,07 27 06.07,DA,6289.27737,7.912154,29.38,16.12,17.03
GJ 261,Gaia EDR3 3052844272764398208,07 01 54.77,-06 28 00.43,DA,6430.0,8.0,20.70,15.44,
GJ 3016,Gaia EDR3 2418116963320446720,00 14 12.19,-13 11 12.53,DAH,5855.0,8.217,18.56,15.87,
GJ 3064,Gaia EDR3 2472557872820632320,00 55 50.25,-11 27 24.50,DA,6970.0,7.977,22.44,15.25,
GJ 3112,Gaia EDR3 4698424845771339520,01 43 00.07,-67 18 46.65,DAZ,6380.0,7.97,9.72,13.82,
GJ 3162,Gaia EDR3 5146358426863612160,02 32 37.95,-14 12 02.68,DA,5465.0,8.034,16.67,15.77,
GJ 3182,Gaia EDR3 453562088496088320,02 48 35.65,54 23 16.30,DAZ,4928.61299,8.008612,10.87,15.34,
GJ 3223,Gaia EDR3 3261591090771914240,03 25 11.30,-01 49 28.95,DAZH,5280.0,8.123,16.93,16.13,
GJ 3259,Gaia EDR3 3301319572621418368,04 00 26.29,08 14 00.62,DA,5426.59,7.916668,18.60,15.887,
GJ 3288,Gaia EDR3 3283853143218651264,04 26 21.37,04 32 21.50,DA,4776.52268,8.114023,21.25,17.14,
GJ 3329,Gaia EDR3 2982808337003815040,05 05 52.65,-17 22 32.86,DAH,5390.0,7.909,19.35,15.97,
GJ 3339,Gaia EDR3 3242153305741855744,05 14 03.27,08 00 10.24,DA,6569.01099,8.312111,21.46,15.87,
GJ 3392,Gaia EDR3 3324181683539044224,06 20 48.33,06 45 16.91,DA,5806.45229,8.129185,24.02,16.37,17.576
GJ 3410,Gaia EDR3 3126453655659835136,06 47 21.71,02 31 09.31,DA,7093.75038,8.593266,18.09,15.67,
GJ 3420,Gaia EDR3 890661253803216896,07 00 52.11,31 57 34.30,DA,4821.77874,7.874488,19.62,16.593,
GJ 3565,Gaia EDR3 3820383996887145088,09 43 46.56,-07 03 55.64,DA,5975.0,7.955,28.76,16.43,
GJ 3710,Gaia EDR3 1575357587146077056,12 11 30.09,57 24 11.34,DAZ,5797.73619,7.972117,19.97,15.79,16.953
GJ 3768,Gaia EDR3 1726678630833373824,13 08 43.84,85 02 24.15,DAP,5240.77366,8.073061,16.47,15.99,
GJ 4012,Gaia EDR3 5921433963191695872,17 37 00.55,-54 26 03.88,DA,6542.0,8.35,20.24,15.8,
GJ 4054,Gaia EDR3 2158285185808357504,18 21 20.16,61 00 56.21,DA,4795.80262,7.751312,13.71,15.67,
GJ 4165,Gaia EDR3 1871118140493076224,20 49 06.92,37 28 16.42,DAP,14709.7569,8.303838,17.59,13.0,
GJ 4166,Gaia EDR3 1844125748497557632,20 50 20.16,26 30 35.95,DA,4894.98772,7.26646,19.14,15.61,17.699
GJ 4191,Gaia EDR3 6462911897617050240,21 19 37.35,-55 50 17.52,DA6,9736.0,7.96,25.06,14.28,
GJ 4236,Gaia EDR3 2679976510857026048,21 54 06.46,-01 17 13.71,DA,6626.0,7.061,25.52,14.515,15.176
GJ 4365,Gaia EDR3 2867032958053059200,23 49 54.96,29 33 56.00,DA,5917.0,7.932,20.95,15.72,16.877
GJ 699.1,Gaia EDR3 1711005951573009792,17 49 37.96,82 47 19.10,DA,7202.84088,7.877595,16.35,14.309,
GJ 742,Gaia EDR3 2262849634963004416,19 00 10.53,70 39 59.50,DAP,12144.405,8.641193,12.88,13.23,
GJ 772,Gaia EDR3 4235280071072332672,19 56 28.76,-01 02 43.97,DA,7752.0,8.175,11.57,13.698,14.258
GJ 799.1,Gaia EDR3 6857939315643803776,20 42 35.16,-20 04 37.47,DA,17872.0,7.837,21.77,12.4,
GJ 820.1,Gaia EDR3 6348672845649310464,21 13 18.84,-81 49 18.96,DA,9797.0,8.27,16.18,13.62,
GJ 838.4,Gaia EDR3 2693940725141960192,21 52 25.40,02 23 14.77,DA,17753.0,8.065,22.56,12.74,13.845
Gaia DR2 1039163458912998272,Gaia EDR3 1039163458912998272,09 25 43.02,61 20 13.63,DA,8160.0,7.894,27.46,,15.456
Gaia DR2 1040160612880069888,Gaia EDR3 1040160612880069888,09 13 53.94,62 05 58.49,DA,5647.29447,8.061719,31.38,,18.299
Gaia DR2 1042071701528617728,Gaia EDR3 1042071701528617728,08 45 16.88,61 17 03.79,DAH,5821.5467,8.085139,34.98,,18.278
Gaia DR2 1042071701528617856,Gaia EDR3 1042071701528617856,08 45 15.56,61 17 04.67,DA,5465.66433,8.015126,35.00,,18.849
Gaia DR2 1066726497434084864,Gaia EDR3 1066726497434084864,09 54 46.83,67 02 05.53,DA,5699.7806,8.201954,25.50,,18.002
Gaia DR2 1115546944012493696,Gaia EDR3 1115546944012493696,06 49 26.94,75 21 24.76,DAH,6440.42457,8.209052,37.93,,
Gaia DR2 1140292479690791296,Gaia EDR3 1140292483988569856,07 03 56.70,78 05 02.78,DA,5341.15345,7.857719,24.09,16.46,
Gaia DR2 1146403741412820864,Gaia EDR3 1146403741412820864,10 22 01.37,82 43 07.01,DA,5490.0,8.32,39.82,,
Gaia DR2 1282448170543051520,Gaia EDR3 1282448170543051520,14 45 28.02,29 21 24.40,DA,5350.13876,7.940245,38.42,,19.216
Gaia DR2 131188715200383872,Gaia EDR3 131188715200383872,02 31 16.90,28 59 39.63,DA,6979.20363,7.667974,27.87,15.1,
Gaia DR2 1348795004265872000,Gaia EDR3 1348795004265872000,17 34 04.31,44 23 02.01,DA,4998.41662,7.986189,37.47,,19.854
Gaia DR2 1385719147346936064,Gaia EDR3 1385719147346936064,16 13 30.42,44 28 00.23,DA,5281.89703,7.997404,30.34,,24.635
Gaia DR2 143076256963396480,Gaia EDR3 143076256963396480,02 53 28.34,37 59 57.29,DA,6481.23144,7.923893,37.03,,
Gaia DR2 1647162396588999552,Gaia EDR3 1647162396588999552,16 06 06.27,70 22 26.51,DA,6286.72597,7.969628,35.85,,
Gaia DR2 1703379704562897280,Gaia EDR3 1703379704562897280,16 34 11.97,75 58 59.93,DA,9915.0,7.634,33.49,,15.201
Gaia DR2 1797472370615364992,Gaia EDR3 1797472370615364992,21 33 43.62,24 14 54.75,DA,6315.18149,8.378516,35.05,,18.121
Gaia DR2 1900382604528495744,Gaia EDR3 1900382604528495744,22 07 51.86,34 28 45.28,DA,10068.6603,8.012143,39.75,15.11,
Gaia DR2 190802650815160960,Gaia EDR3 190802650815160960,05 30 25.95,39 39 15.18,DA,5451.77196,7.920136,33.86,,
Gaia DR2 1989342372349280384,Gaia EDR3 1989342372349280384,22 57 25.41,51 30 05.60,DA,7210.67954,8.405425,36.56,,
Gaia DR2 2018864362679341824,Gaia EDR3 2018864362679341824,19 23 59.28,21 41 02.33,DA,8749.21237,7.545423,35.46,,
Gaia DR2 2024985481361040384,Gaia EDR3 2024985481361040384,19 36 18.57,26 32 55.73,DA,24380.2707,8.529566,30.14,,
Gaia DR2 2064689567732385792,Gaia EDR3 2064689567732385792,20 33 21.91,39 54 08.14,DA,5927.51562,8.388378,20.75,16.35,17.503
Gaia DR2 2078430778727685632,Gaia EDR3 2078430778727685632,19 51 18.99,42 09 39.30,DA,5053.61249,8.017583,38.42,,
Gaia DR2 2080526555267049984,Gaia EDR3 2080526555267049984,19 45 29.62,46 50 00.41,DA,4847.88556,7.900849,28.76,,
Gaia DR2 2118649750133781376,Gaia EDR3 2118649750133781376,18 31 58.83,46 58 29.57,DA,7378.42513,8.015813,23.32,,
Gaia DR2 2127566548919332608,Gaia EDR3 2127566548919332608,19 26 26.86,46 20 15.94,DA,8132.78169,8.214128,33.66,15.96,
Gaia DR2 2142307563871222912,Gaia EDR3 2142307563871222912,19 27 25.00,56 44 56.48,DA,6533.42551,8.35934,31.79,,
Gaia DR2 2149253075743572224,Gaia EDR3 2149253075743572224,18 21 47.23,55 09 07.45,DA,4887.55385,7.859318,30.94,,
Gaia DR2 2199371701965748992,Gaia EDR3 2199371701965748992,22 00 52.63,58 22 01.90,DA,5379.04866,7.937614,38.04,,
Gaia DR2 2202703050401536000,Gaia EDR3 2202703050401536000,21 51 39.93,59 17 34.55,DAH,5095.37478,7.979122,8.46,,
Gaia DR2 232990572675079296,Gaia EDR3 232990572675079296,04 21 29.45,46 07 56.12,DA,7786.73958,7.991321,26.56,15.17,
Gaia DR2 2407167579853954688,Gaia EDR3 2407167579853954688,23 15 30.59,-14 40 06.63,DA,8827.0,8.385,28.87,15.13,
Gaia DR2 244214799689691904,Gaia EDR3 244214799689691904,03 55 56.53,45 25 06.05,DA,5061.60534,7.904663,31.47,,
Gaia DR2 2484544095751034496,Gaia EDR3 2484544095751034496,01 37 05.02,-02 07 38.87,DA,7260.0,8.31,35.73,,17.152
Gaia DR2 2502097283492466560,Gaia EDR3 2502097283492466560,02 35 51.34,01 18 44.85,DA:,6770.0,8.002,33.04,,16.978
Gaia DR2 2516606022320239104,Gaia EDR3 2516606022320239104,02 21 57.86,04 45 19.21,DA,7252.0,8.085,39.45,,17.045
Gaia DR2 2524879812959998592,J010338.56-052251.96,01 03 38.64,-05 22 49.41,DAH:,9040.0,9.34,29.05,,17.657
Gaia DR2 2531326283993100416,Gaia EDR3 2531326283993100416,01 04 16.48,-03 50 26.59,DA,5280.0,8.29,35.59,17.55,19.772
Gaia DR2 2568588664341691520,Gaia EDR3 2568588664341691520,01 42 58.14,07 30 45.77,DA,5495.37115,8.009099,39.80,,19.002
Gaia DR2 2582335342824976768,Gaia EDR3 2582335342824976768,00 55 03.61,10 10 04.79,DA,6186.82552,8.016777,26.57,16.12,17.095
Gaia DR2 2587268134239449728,Gaia EDR3 2587268134239449728,01 28 33.85,13 51 21.21,DA,12877.0,7.897,37.64,,14.596
Gaia DR2 261664427174056320,Gaia EDR3 261664427174056320,05 15 29.86,50 21 38.99,DA,9571.07362,7.997249,38.52,15.2,
Gaia DR2 2667464656943675392,Gaia EDR3 2667464656943675392,21 43 24.08,-06 59 49.46,DA,8866.0,8.422,18.15,,15.297
Gaia DR2 2683452758602312192,Gaia EDR3 2683452758602312192,22 02 53.83,02 37 38.40,DA,5747.01671,8.198346,29.97,,18.242
Gaia DR2 2690697646876721152,Gaia EDR3 2690697646876721152,21 06 46.87,01 06 33.47,DA,6029.68364,7.943236,38.48,,17.983
Gaia DR2 2733055335904034432,Gaia EDR3 2733055335904034432,22 34 18.98,14 56 53.90,DA,6329.0,8.031,33.87,,17.533
Gaia DR2 2855386170682263424,Gaia EDR3 2855386170682263424,00 21 16.27,25 31 34.59,DA,9187.45618,8.492032,28.11,,15.929
Gaia DR2 3032020450247993600,Gaia EDR3 3032020450247993600,07 24 35.18,-13 38 35.79,DA,4940.0,8.04,36.24,17.31,20.075
Gaia DR2 3059515898856688000,Gaia EDR3 3059515898856688000,07 12 06.08,-04 28 12.00,DA,5280.0,8.06,36.27,,
Gaia DR2 3112162508466471808,Gaia EDR3 3112162508466471808,06 58 45.51,-01 15 57.23,DA,4840.0,8.02,37.49,,
Gaia DR2 3156974449176326528,Gaia EDR3 3156974449176326528,07 17 02.74,11 25 38.67,DA,4688.93169,7.783584,29.65,,
Gaia DR2 3160815489969826944,Gaia EDR3 3160815489969826944,06 59 10.88,12 25 24.64,DA,4918.84278,7.845129,36.98,,19.896
Gaia DR2 3169486960220617088,Gaia EDR3 3169486960220617088,07 23 00.20,16 17 04.83,DA,11448.0,8.313982,37.18,15.01,
Gaia DR2 3209308900555979776,Gaia EDR3 3209308900555979776,05 24 36.26,-05 35 12.84,DA,17233.0,8.023,35.74,13.89,13.862
Gaia DR2 3249479592235301376,Gaia EDR3 3249479592235301376,03 45 01.67,-03 48 49.06,DA,4960.0,7.85,31.07,,
Gaia DR2 330661599315957504,Gaia EDR3 330661599315957504,02 08 09.24,37 29 38.13,DA,5557.64374,8.496144,33.04,,
Gaia DR2 355669578975070976,Gaia EDR3 355669578975070976,02 18 39.68,50 13 48.94,DA,4839.2221,7.759319,27.04,,
Gaia DR2 3575728709655386752,Gaia EDR3 3575728709655386752,12 00 55.79,-10 32 21.12,DA,7950.0,8.44,33.66,16.45,
Gaia DR2 3583402849843287680,Gaia EDR3 3583402849843287680,12 29 55.77,-07 07 28.68,DA,4950.0,7.8,35.37,17.45,
Gaia DR2 3643555726544985088,Gaia EDR3 3643555726544985088,14 07 09.76,-06 26 40.82,DA,8389.0,8.191,24.59,14.93,
Gaia DR2 3750749378584132992,Gaia EDR3 3750749378584132992,10 30 55.45,-14 23 59.48,DA,6040.0,8.21,27.66,,
Gaia DR2 3783206210217512320,Gaia EDR3 3783206210217512320,11 19 13.20,-08 31 36.78,DA,5530.0,8.04,30.28,,
Gaia DR2 406775841506041344,Gaia EDR3 406775841506041344,01 29 24.05,51 08 45.20,DA,21853.3206,7.998572,38.37,13.536,13.309
Gaia DR2 4068499305485306240,Gaia EDR3 4068499305485306240,17 49 35.72,-23 55 02.68,DAZ,7425.0,8.061,26.6,15.42,
Gaia DR2 4126670518631322880,Gaia EDR3 4126670518631322880,16 49 51.17,-21 55 04.78,DA,5040.0,7.94,36.77,,
Gaia DR2 4139348334376604928,Gaia EDR3 4139348334376604928,17 04 38.04,-14 46 26.29,DA,7440.0,8.42,32.67,,
Gaia DR2 4146666271458052352,Gaia EDR3 4146666271458052352,18 17 45.81,-13 35 26.65,DA,6050.0,8.38,32.53,,
Gaia DR2 4150020774057837440,Gaia EDR3 4150020774057837440,17 46 20.40,-12 34 26.58,DA,5970.0,8.24,37.07,,
Gaia DR2 4154063678315488640,Gaia EDR3 4154063678315488640,18 23 47.50,-11 23 47.92,DA,5560.0,8.01,36.08,,
Gaia DR2 4168312459956062208,Gaia EDR3 4168312459956062208,17 38 34.52,-08 26 14.80,DAZ,7050.0,8.04,30.41,,
Gaia DR2 4237555506083389568,Gaia EDR3 4237555506083389568,20 04 45.49,01 09 28.76,DA,6506.9945,8.323462,32.35,,24.635
Gaia DR2 4240231824768647040,Gaia EDR3 4240231824768647040,19 50 03.68,00 33 59.30,DA,5797.24789,7.928674,35.88,,
Gaia DR2 4257063458004688896,WDJ182951.89-053623.17,18 29 52.01,-05 36 21.37,DA,5450.0,7.97,39.63,,
Gaia DR2 4293873732939569920,Gaia EDR3 4293873732939569920,19 21 26.90,06 13 21.58,DA,5882.66177,8.136326,18.15,15.47,
Gaia DR2 4314903198513595776,Gaia EDR3 4314903198513595776,19 29 38.67,11 17 53.97,DA,20220.0013,7.936906,36.60,,
Gaia DR2 4323956302321933952,Gaia EDR3 4323956302321933952,16 28 18.77,-17 39 19.72,DA,4820.0,7.79,32.27,,
Gaia DR2 4341495230772911616,Gaia EDR3 4341495230772911616,16 07 00.60,-14 04 23.68,DAH,5700.0,8.05,27.51,,
Gaia DR2 4341773063622911872,Gaia EDR3 4341773063622911872,16 04 20.37,-13 31 25.48,DA,4960.0,7.76,37.50,,
Gaia DR2 439905192004402304,Gaia EDR3 439905192004402304,03 08 50.61,51 28 19.49,DA,5090.75016,7.923787,36.75,,
Gaia DR2 4483974792231866624,Gaia EDR3 4483974792231866624,18 26 24.42,11 20 45.09,DA,4858.24522,7.845059,26.99,,
Gaia DR2 4484184592790777728,Gaia EDR3 4484184592790777728,18 25 23.88,11 35 58.06,DA,4847.74916,7.865104,19.64,,
Gaia DR2 4484277256704949376,Gaia EDR3 4484277256704949376,18 24 17.77,12 09 41.19,DA,5161.50515,8.054227,32.81,,
Gaia DR2 4504577986571873280,Gaia EDR3 4504577986571873280,18 47 41.60,12 26 31.79,DA,10020.8631,8.374034,28.85,,
Gaia DR2 4585067258532443776,Gaia EDR3 4585067258532443776,18 20 21.66,26 19 36.69,DA,4887.40341,8.191306,39.78,,
Gaia DR2 4590489981163833984,Gaia EDR3 4590489981163833984,18 09 19.54,29 57 22.04,DA,22514.6663,8.384231,24.45,,
Gaia DR2 459237630076876672,Gaia EDR3 459237630076876672,02 27 04.37,59 15 02.30,DA,7286.75136,7.846336,37.69,15.97,
Gaia DR2 4604247070649603584,Gaia EDR3 4604247070649603584,17 53 52.11,33 06 23.12,DA,17123.3011,7.986772,35.70,13.24,
Gaia DR2 4613612951211823616,Gaia EDR3 4613612951211823616,03 17 18.28,-85 32 31.65,DA,,,29.39,13.66,
Gaia DR2 4805691447831511680,Gaia EDR3 4805691447831511680,05 28 44.13,-43 04 49.81,DA,,,38.33,16.09,
Gaia DR2 481698110012697728,Gaia EDR3 481698110012697728,05 37 14.83,67 59 49.53,DAH,7748.27607,8.330083,35.01,,
Gaia DR2 4860061541910268160,Gaia EDR3 4860061541910268160,03 40 10.97,-36 10 38.68,DA9,,,34.39,,
Gaia DR2 5167424240722533760,Gaia EDR3 5167424240722533760,03 11 24.62,-08 53 25.66,DA,4920.0,7.79,38.96,,
Gaia DR2 53278867446391040,Gaia EDR3 53278867446391040,03 58 26.75,21 57 22.04,DAZ,6784.0,8.223,36.14,,
Gaia DR2 54253618862057728,Gaia EDR3 54253618862057728,03 26 31.66,15 57 17.10,DA,5680.62186,8.178924,38.59,,
Gaia DR2 551153263105246208,Gaia EDR3 551153263105246208,04 12 46.23,75 49 42.68,DAe,8514.12007,8.24665,35.05,15.73,
Gaia DR2 5753337533146097280,Gaia EDR3 5753337533146097280,08 25 32.28,-07 28 22.70,DA,15550.0,7.97,35.48,13.91,
Gaia DR2 6178524211524592640,Gaia EDR3 6178524211524592640,13 55 09.71,-26 22 50.32,DA,6080.0,8.06,32.53,16.71,
Gaia DR2 6246049446837287680,Gaia EDR3 6246049446837287680,16 19 16.13,-18 31 13.10,DA,5340.0,8.34,38.42,,
Gaia DR2 63054590968017408,Gaia EDR3 63054590968017408,03 45 12.06,19 40 24.24,DA,12367.0,8.225893,28.25,,
Gaia DR2 6310804634396281984,Gaia EDR3 6310804634396281984,14 43 17.92,-14 37 17.37,DA,6610.0,8.2,28.73,16.37,
Gaia DR2 6389551313580046464,Gaia EDR3 6389551313580046464,23 31 45.77,-66 56 08.86,DA,,,39.51,,
Gaia DR2 6479860113444922368,Gaia EDR3 6479860113444922368,21 02 22.38,-48 27 48.49,DAwk,,,38.38,15.07,
Gaia DR2 6673731810450381056,Gaia EDR3 6673731810450381056,20 06 10.07,-43 55 55.18,DA,,,39.43,15.69,
Gaia DR2 6740493675455190784,Gaia EDR3 6740493675455190784,19 44 54.80,-36 03 13.11,DA,,,29.61,14.0,
Gaia DR2 6844375121726139520,Gaia EDR3 6844375121726139520,21 39 57.39,-12 45 50.08,DA,7730.0,8.36,36.74,16.46,
Gaia DR2 6865904860773722496,Gaia EDR3 6865904860773722496,20 06 32.24,-21 01 42.27,DA,5070.0,7.9,39.09,,
Gaia DR2 688606063549945600,Gaia EDR3 688606063549945600,09 12 16.49,25 38 20.72,DA,6577.0,8.057,37.78,,17.53
Gaia DR2 85787470611883008,Gaia EDR3 85787470611883008,02 27 24.72,18 07 22.62,DA,8443.87011,7.974134,37.42,,
Gaia DR2 859567752163281792,Gaia EDR3 859567752163281792,11 34 44.63,61 08 25.52,DA,7477.0,7.97,28.11,15.45,16.025
Gaia DR2 885100916128136064,Gaia EDR3 885100916128136064,07 22 05.85,28 06 26.06,DA,5196.13123,8.028445,36.44,,
Gaia DR2 933287876501371520,Gaia EDR3 933287876501371520,08 01 31.69,48 52 52.62,DA,5161.0,7.944,35.83,,19.47
Gaia DR2 960039814744267520,Gaia EDR3 960039814744267520,06 20 06.15,42 05 42.99,DA,6651.14828,8.332279,37.68,,
Gaia DR2 980918204822332416,Gaia EDR3 980918204822332416,07 05 49.53,51 42 43.15,DA,4970.92152,8.138701,39.83,,
Gaia DR2 995112350178946048,Gaia EDR3 995112350178946048,06 32 35.87,55 59 01.65,DAH,9965.33097,8.523592,37.04,,
HD 13445B,GJ86B,02 10 26.20,-50 49 25.00,DA,8184.0,7.81,10.78,14.0,
HD 140901B,Gaia EDR3 6009537829925128064,15 47 29.45,-37 55 11.81,DA,10402.0,7.97,15.22,12.8,
HD 216777B,Gaia EDR3 2610488514148351360,22 55 50.06,-07 50 03.14,DA,6705.0,7.979,35.95,16.5,17.235
HD 283750B,Gaia EDR3 151650935831913216,04 36 45.17,27 09 49.15,DA,5505.1017,8.014662,17.40,15.79,
HD 340611,Gaia EDR3 1831553382794173824,20 34 21.41,25 03 40.74,DA,20295.1236,7.945533,14.83,11.55,
HE 0426-0455,Gaia EDR3 3202808828330265088,04 29 26.17,-04 48 44.64,DA,13846.0,8.051,39.34,14.45,14.696
HG 8-7,Gaia EDR3 66144699680456320,04 04 34.29,25 08 48.22,DA,12378.1596,8.045288,26.47,,
HS 1443+2934,Gaia EDR3 1282448170543051648,14 45 28.38,29 21 32.04,DA,12305.0904,7.95855,38.39,,14.87
HS 1544+3800,Gaia EDR3 1376326912864142336,15 46 05.34,37 51 27.72,DA,13065.0,8.05,37.48,14.46,14.758
HZ 4,Gaia EDR3 3302846072717868416,03 55 22.18,09 47 18.05,DA,14638.8898,8.306858,34.98,14.47,
L 1046-18 B,Gaia EDR3 3701290326205270528,12 16 51.17,02 58 06.89,DA,6751.0,7.81,23.38,15.32,16.178
L 270-31,Gaia EDR3 5945252202546434432,17 47 47.01,-52 07 12.60,DA,20000.0,8.0,38.92,15.62,
L 462-56 B,Gaia DR2 5436014972680358272,09 36 59.50,-37 21 24.10,DA,7920.0,8.04,26.26,15.18,
L 50-73,Gaia EDR3 4689789625044431616,00 13 50.69,-71 49 58.22,DA,6340.0,7.89,18.80,15.17,
L 577-71,Gaia EDR3 2313836325604479616,23 54 00.68,-33 16 37.52,DA,8663.0,8.03,23.20,13.56,
L 870-2,Gaia EDR3 2480523216087975040,01 38 00.02,-04 59 50.27,DA+DA,7168.0,7.163,12.62,12.84,14.983
LAMOST J033149.69+305944.92,LAMOST J033149.68+305944.9,03 31 49.69,30 59 44.92,DA,20152.0,8.57,25.0,,
LAMOST J053931.86+285456.66,LAMOST J053931.86+285456.66,05 39 31.86,28 54 56.66,DA,23865.0,8.63,15.0,,
LAMOST J054613.53+255031.70,LAMOST J054613.52+255031.7,05 46 13.53,25 50 31.70,DA,20760.0,7.95,27.0,,
LAMOST J063517.47+054917.94,LAMOST J063517.47+054917.94,06 35 17.47,05 49 17.94,DA,22885.0,7.48,38.0,,
LAMOST J064438.16+030704.39,LAMOST J064438.16+030704.39,06 44 38.16,03 07 04.39,DA,12067.0,8.37,5.0,,
LAWD 11,Gaia EDR3 104648944047154432,02 08 47.71,25 14 08.05,DA,18836.0,7.566,39.08,,13.331
LAWD 13,Gaia EDR3 4645960583300470656,02 56 19.30,-70 22 12.65,DA,10743.0,8.07,25.23,14.07,
LAWD 23,Gaia EDR3 943770757800160384,06 47 37.68,37 30 42.06,DA,21161.0,8.187,17.08,12.06,12.069
LAWD 24,Gaia EDR3 5536077746353130240,07 33 37.91,-42 53 46.42,DA,15570.0,8.12,33.70,14.16,
LAWD 26,Gaia EDR3 5273943488410008832,07 53 12.28,-67 47 55.22,DA,5620.0,7.96,8.17,13.96,
LAWD 33,Gaia EDR3 5353122722363361920,10 55 12.89,-55 19 01.16,DA,14770.0,8.0,35.35,14.32,
LAWD 52,Gaia EDR3 1686708050268594944,13 38 49.21,70 17 07.25,DAZ,20622.7009,7.948771,26.50,12.77,
LAWD 53,Gaia EDR3 6177238676273826304,13 51 22.76,-27 34 00.97,DA,9166.0,7.853,37.61,15.0,
LAWD 80,Gaia EDR3 6853784501721502720,20 10 17.64,-21 46 50.90,DA,9545.0,7.944,26.91,14.4,
LAWD 86,Gaia EDR3 2274076297221555968,21 26 57.87,73 38 39.64,DA,15553.0,7.945,22.23,12.88,13.311
LAWD 88,Gaia EDR3 2300234782654298624,21 33 45.81,83 03 41.51,DA,17312.3009,7.922936,26.42,,
LAWD 96,Gaia EDR3 4994877094997259264,00 02 11.62,-43 10 06.38,DA,8506.0,8.38,8.33,12.97,
LHS 1093,Gaia EDR3 2528728726428345216,00 32 10.54,-02 53 59.22,DA,4470.0,8.07,23.54,17.32,19.912
LHS 1158,Gaia EDR3 2356519298275043200,00 51 11.51,-20 28 03.14,DA,4895.0,7.923,26.92,17.19,
LHS 1219,Gaia EDR3 2533575369771883648,01 15 05.28,-01 33 15.95,DA,5215.0,8.059,34.00,17.59,19.322
LHS 1233,Gaia EDR3 2456160271800004096,01 19 31.91,-14 15 36.12,DA,5050.0,7.905,25.40,16.96,
LHS 2559,Gaia EDR3 1518943638389520384,12 26 34.71,35 13 09.88,DA,5089.0,7.806,34.92,,19.39
LP 154-64,Gaia EDR3 439494077735062144,02 56 17.25,49 54 38.88,DA,5923.6132,8.109912,37.72,17.1,
LP 244-8,Gaia EDR3 318528007466920192,01 48 40.44,36 15 27.28,DA,6105.88157,8.067063,35.19,16.76,
LP 349-41,Gaia EDR3 2807462655009880320,00 33 25.85,25 06 16.30,DA,6278.0,8.017,38.31,,17.88
LP 426-26,Gaia EDR3 6578616598584224640,21 38 49.29,-40 41 26.93,DA,19211.0,7.959,32.43,13.49,
LP 581-35,Gaia EDR3 2711324446359728384,22 55 56.09,05 45 18.36,DA,5881.0,7.962,24.80,15.71,17.368
LP 645-70,Gaia EDR3 2522401586766106624,00 40 56.31,-08 09 14.80,DA,6040.0,8.266,37.43,,18.44689
LP 659-7,Gaia EDR3 3024247796382652800,05 59 00.94,-04 14 30.95,DA,6070.0,8.086,38.04,17.0,
LP 676-58,Gaia EDR3 3629758603668233728,13 04 46.07,-05 28 37.65,DA,5215.0,8.024,29.11,17.12,
LP 703-6,J235232.30-025309.2,23 52 32.60,-02 53 07.19,DA,10680.0,9.367,29.99,16.98,17.185
LP 714-52,Gaia EDR3 3191738120628213760,04 19 20.95,-09 34 30.82,DAP,6015.0,8.35,36.66,17.417,
LP 775-28,Gaia EDR3 2978374522004181888,04 32 00.40,-19 20 54.05,DA,5720.0,8.018,33.96,16.97,
LP 775-37,Gaia EDR3 3173236054352419072,04 41 05.15,-15 19 01.02,DA,6005.0,8.015,37.08,16.83,
LP 776-52,Gaia EDR3 2976789094955826560,05 05 32.31,-17 31 41.89,DA,6140.0,8.179,38.45,17.194,
LP 777-3,Gaia EDR3 2986473765172532864,05 08 36.66,-15 23 03.12,DA,5215.0,8.068,37.44,17.717,
LP 815-31,Gaia EDR3 6862687522250677376,20 31 09.36,-16 58 40.89,DAZ,5506.0,7.926,22.82,16.28,
LP 832-30,Gaia EDR3 5088251195844051328,03 36 34.36,-22 15 27.64,DAZ,5860.0,7.949,38.46,17.16,
LP 856-26,Gaia EDR3 6275184065428686464,13 59 07.44,-23 33 28.07,DA,9308.0,7.978,33.57,14.96,
LSPM J0543+3637,Gaia EDR3 3455921181049073280,05 43 07.16,36 37 00.31,DAZ,6410.0,8.048,22.23,,
LSPM J0939+4951,Gaia EDR3 826275295988399232,09 39 31.09,49 51 48.07,DA,6072.0,8.391,34.15,,18.45
LSPM J1916+8044,Gaia EDR3 2295446546953958272,19 16 47.59,80 44 32.71,DA,5286.32493,8.061434,35.42,,
LSR J0541+3959,Gaia EDR3 190998058945380608,05 41 04.33,39 59 39.02,DA,5688.16087,8.162846,36.39,,
LSR J1945+4650A,Gaia EDR3 2080526555267050496,19 45 29.65,46 50 09.05,DA,5360.56472,8.113526,28.81,,
Lan 51,Gaia EDR3 2176116580055936512,21 18 56.11,54 12 44.34,DA,16533.0,8.164,17.31,12.35,13.381
NAME CASE 3,Gaia EDR3 1923682286712356992,23 31 36.03,41 01 29.11,DA,16370.3216,7.980926,35.69,,
NAME H PER1166,Gaia EDR3 458558784733311232,02 17 33.86,57 06 46.97,DA,21463.6335,7.987181,39.75,,
NLTT 12934,Gaia EDR3 229143725086190336,04 18 05.48,42 10 58.81,DA,5013.50644,7.826904,29.66,17.06,
NLTT 1450,Gaia EDR3 2555215995900584448,00 27 36.92,05 41 58.90,DA,5539.28538,7.938186,21.68,16.15,17.547
NLTT 18922,Gaia EDR3 3145802036649641472,08 05 27.49,07 35 29.57,DA,5397.0,8.135,34.38,,19.21
NLTT 35504,Gaia EDR3 3727155340815968256,13 52 11.52,10 53 48.82,DA,6017.0,7.992,35.35,,17.92
NLTT 40234,Gaia EDR3 1273685372108354176,15 26 21.16,29 36 25.44,DA,5102.0,7.937,23.21,17.18,18.64
NLTT 42805,Gaia EDR3 1201036206454896000,16 26 26.14,19 38 42.75,DA,6096.25937,8.239195,27.57,,17.61
NLTT 42988,Gaia EDR3 1653044367185115264,16 28 38.60,70 53 14.39,DA,4847.62273,7.949628,32.71,,
NLTT 44063,Gaia EDR3 4444590625015876864,17 02 46.34,10 22 45.03,DA,5169.0,8.419,29.32,,19.81
NLTT 45288,Gaia EDR3 4581383928942599296,17 41 46.21,24 01 43.94,DA,6919.0,8.336,31.62,,17.278
NLTT 47551,Gaia EDR3 2140481412496465152,19 12 48.83,53 43 15.62,DA,17310.2825,8.298696,22.17,13.18,
NLTT 48779,Gaia EDR3 2237893023118101504,20 06 55.26,61 43 07.67,DA,5250.00412,7.344608,33.32,,18.16
NLTT 51908,Gaia EDR3 2701893698904233216,21 42 54.40,08 05 24.23,DA,4830.0,8.0,29.90,15.66,19.527
NLTT 52166,Gaia EDR3 2696628687474414208,21 49 13.63,04 15 46.83,DA,5106.0,7.316,35.10,,18.7
NLTT 57507,Gaia EDR3 2826254713186397440,23 38 56.63,21 01 21.12,DA,5216.0,7.992,39.42,,19.622
PG 0136+152,Gaia EDR3 2589304876450784128,01 38 56.84,15 27 40.84,DA,7843.62999,8.047631,22.68,14.94,15.43
PG 0945+246,Gaia EDR3 643183348419998336,09 48 46.56,24 21 24.15,DA+DAXP,19678.0,8.378,36.20,14.25,14.036
PG 1026+024,Gaia EDR3 3855631797052747136,10 29 09.70,02 05 52.48,DA,12236.0,7.982,33.60,14.2,14.581
PG 1106+083,Gaia EDR3 3818473629793533312,11 08 44.24,08 01 36.39,DA,7486.06474,7.976241,37.94,16.08,16.63681
PG 1157+004,Gaia EDR3 3891115064506627840,11 59 52.12,00 07 51.25,DA,8566.0,8.419,28.31,15.73,16.0
PG 1350-090,Gaia EDR3 3618657732410663808,13 53 15.92,-09 16 39.11,DAP,9458.0,7.86,19.71,14.55,
PG 1601+581,Gaia EDR3 1622697949337226112,16 02 41.95,57 58 16.16,DA,15002.0,7.967,32.36,14.3,14.41
PG 1632+177,Gaia EDR3 4466388790929771904,16 34 41.93,17 36 33.57,DAZ,10149.0,7.245,25.62,13.106,14.438
PG 1633+434,Gaia EDR3 1405343643196929536,16 35 01.76,43 17 31.52,DAZ,6498.0799,8.15077,14.49,14.834,15.642
PHL 3537,MCT 0136-2010,01 38 32.26,-19 54 43.99,DA,8471.0,8.64,24.0,,16.01
PM J09027+3120,Gaia EDR3 711744456827031680,09 02 42.57,31 20 43.36,DA,9814.72139,8.218341,33.88,14.75,15.62
PM J11480-4523,Gaia EDR3 5377849123945711872,11 48 02.44,-45 23 07.67,DA,6101.0,7.99,25.12,15.66,
PM J18073+0357,Gaia EDR3 4470233817461336704,18 07 23.38,03 56 59.77,DA,10247.0,8.079,30.17,15.08,15.359
PM J21077+0740,Gaia EDR3 1737167215848315264,21 07 45.03,07 40 42.48,DA,7106.15808,8.041492,38.36,15.91,17.062
PM J23243+2835,Gaia EDR3 2869130517001766400,23 24 18.82,28 35 52.71,DA,7231.0,8.009,39.10,15.96,16.979
RE J090217-040712,RE J090217-040712,09 02 17.30,-04 06 55.48,DA2.1,,,37.87,12.4,
Ross 198,Gaia EDR3 2177776331525931136,21 26 25.96,55 13 35.42,DA,12798.1357,8.366084,33.72,14.75,
Ross 203,Gaia EDR3 6842831888437047680,21 36 16.67,-13 18 36.78,DA,10193.0,7.86,23.41,13.68,
Ross 627,Ross 627,11 24 12.96,21 21 32.40,DA,7346.0,8.1,13.6,14.24,14.86
Ross 808,Gaia EDR3 1372458109403442432,16 01 23.32,36 48 25.56,DA,11148.0,7.991,32.82,14.36,14.83
SDSS J074730.12+110733.8,Gaia EDR3 3151407827963355136,07 47 30.18,11 07 31.78,DA,8054.0,8.887,27.62,,17.13
SDSS J083123.38+333148.6,Gaia EDR3 710947968027922176,08 31 23.44,33 31 46.64,DA,5809.0,8.105,39.89,,18.73
SDSS J110318.87+393558.3,Gaia EDR3 776981269136616960,11 03 18.95,39 35 58.24,DAZ,4993.0,7.91,38.88,,20.0
SDSS J131730.85+483332.8,Gaia EDR3 1556005701461744640,13 17 30.75,48 33 31.24,DA,5903.0,8.042,39.01,,18.422
Ton 953,Gaia EDR3 716504796716020352,08 49 09.32,34 29 47.86,DAZ,7452.0,7.954,30.89,15.71,16.20879
Ton S 56,MCT 2231-2935,22 34 26.97,-29 19 45.16,DA,17284.0,8.195,0.0,15.71,
V* CD Oct,Gaia EDR3 6358158435541361792,22 04 18.65,-75 13 24.88,DA,8748.0,8.66,19.03,15.04,
V* CL Oct,Gaia EDR3 4613612951211823104,03 17 14.83,-85 32 25.75,DA,33000.0,,29.38,13.66,
V* DN Dra,Gaia EDR3 1431783457574556672,16 48 25.91,59 03 17.89,DA,12369.9449,8.301195,10.95,12.24,
V* EG UMa,Gaia EDR3 1548104507825815296,12 15 43.94,52 30 59.18,DA+dM,18840.0,8.3,28.61,13.23,14.672
V* MY Aps,Gaia EDR3 5772718006135360128,14 33 06.54,-81 20 20.37,DAV,12128.0,7.98,20.89,13.75,
V* PY Vul,Gaia EDR3 2025389380082340992,19 37 14.28,27 43 19.08,DA,12062.0309,8.056305,18.26,12.987,
V* RR Cae,Gaia EDR3 4788741548375134336,04 21 05.61,-48 39 15.60,DA+dM,6354.0,7.38,21.19,14.36,
V* UZ Sex,Gaia EDR3 3831059120921201280,10 28 34.93,-00 00 30.60,DA+M,17210.0,7.96,40.00,13.88,14.486
V* V1201 Ori,LHS 212,05 56 25.44,05 21 46.80,DAP,5785.0,8.22,7.99,14.105,
V* V470 Lyr,Gaia EDR3 2092134443120038528,18 57 30.23,33 57 31.42,DA,11906.2263,8.340858,30.36,14.64,
V* V727 Car,Gaia EDR3 5231870985222281088,10 44 09.35,-69 18 17.82,DA,22570.0,7.84,29.26,13.09,
V* V749 Her,Gaia EDR3 4565048312887877888,16 57 09.89,21 26 39.48,DA,9147.0,8.004,20.99,14.09,14.721
V* V886 Cen,Gaia EDR3 6127333286605955072,12 38 48.86,-49 48 01.40,DA,11620.0,8.72,14.84,13.81,
V* VW Lyn,Gaia EDR3 715357559411376128,09 01 48.53,36 07 04.92,DA,11575.0,8.098,33.98,14.544,14.865
V* ZZ Cet,Gaia EDR3 2457759374023232768,01 36 14.12,-11 20 34.49,DA,12267.0,8.01,32.75,14.1,
V* ZZ Psc,Gaia EDR3 2660358032257156736,23 28 47.21,05 14 49.97,DAZ,11295.8585,8.021124,17.52,13.04,13.449
WD 0024-55,Gaia EDR3 4920057871348614272,00 26 40.17,-55 24 51.37,DA,10070.0,8.92,24.05,15.21,
WD 0027-549,Gaia EDR3 4920160332088386304,00 29 49.16,-54 41 36.25,DA,,,38.63,,
WD 0033-422,Gaia EDR3 4993117773313626496,00 36 15.39,-41 57 31.05,DA9,,,25.78,,
WD 0034-602,Gaia EDR3 4906743988126708992,00 36 22.85,-59 55 25.57,DA,15239.0,8.64,22.93,14.08,
WD 0042-337,Gaia EDR3 5006232026455470848,00 45 21.93,-33 29 52.78,DA,4100.0,8.0,32.84,19.01,
WD 0108+277,Gaia EDR3 307323228064848512,01 10 44.50,27 58 13.24,DA,5270.0,8.36,38.01,16.15,
WD 0121-429,Gaia EDR3 4983839647522981504,01 24 04.42,-42 40 46.82,DAH,6230.0,7.64,18.45,14.83,
WD 0123-460,Gaia EDR3 4934162784467241472,01 25 18.83,-45 45 40.04,DA,5810.0,8.1,21.64,16.3,
WD 0129+458,Gaia EDR3 398672715686799488,01 32 46.34,46 04 58.76,DA,10383.0,8.021,38.70,,15.42
WD 0136-340,Gaia EDR3 5012346101380568832,01 39 15.14,-33 49 03.67,DA,7000.0,8.0,39.59,17.18,
WD 0145+234,Gaia EDR3 291057843317534464,01 47 54.81,23 39 42.04,DA,13023.014,8.088387,29.43,14.19,14.385
WD 0148+641,Gaia EDR3 518201792978858880,01 51 51.69,64 25 49.32,DA,8800.8391,8.104208,17.30,13.98,14.854
WD 0150+256,Gaia EDR3 297470774951165568,01 52 52.19,25 53 41.36,DA,7599.0,7.851,34.86,15.71,16.235
WD 0204-306,Gaia EDR3 5020119579868434944,02 07 02.60,-30 23 34.71,DA,,,29.25,16.18,
WD 0216-398,Gaia EDR3 4963617807621683712,02 18 32.20,-39 36 31.93,DA7.0,7364.0,,30.08,15.75,
WD 0236+259,Gaia EDR3 126342377182577408,02 39 20.06,26 09 54.69,DA,5605.0,8.03,20.86,16.29,17.548
WD 0304-074,Gaia EDR3 5179920984941752448,03 07 13.69,-07 15 13.46,DA,5690.0,8.362,30.40,17.35,18.71482
WD 0311-649,Gaia EDR3 4672306015773211008,03 12 26.13,-64 44 11.51,DA,13135.0,7.83,36.59,13.28,
WD 0313-084,Gaia EDR3 5167510797199003904,03 16 14.01,-08 16 39.09,DA,6483.0,8.337,31.41,,17.647
WD 0315-293,Gaia EDR3 5058635403471767680,03 17 12.31,-29 11 41.72,DAZ,5340.0,,31.50,17.49,
WD 0330-000,Gaia EDR3 3264551560189562112,03 33 20.46,00 07 20.51,DAH,7412.58046,8.295732,35.47,,17.05
WD 0415-594,Gaia EDR3 4678664766393827328,04 16 29.95,-59 17 59.99,DA,15424.0,7.98,18.32,12.5,
WD 0422-459,Gaia EDR3 4789516154317811456,04 23 57.52,-45 50 50.51,DA9.5,,,29.94,16.85,
WD 0457-004,Gaia EDR3 3228023859770327424,04 59 43.40,-00 22 42.52,DA,11012.0,8.787,24.72,15.3,15.442
WD 0525+526,Gaia EDR3 263082591016645504,05 29 50.89,52 39 44.62,DA,20617.5843,9.09628,39.12,,
WD 0551+468,Gaia EDR3 198027266851070848,05 55 43.05,46 50 39.98,DA,5025.64953,7.838186,29.97,17.23,
WD 0559+15,Gaia EDR3 3348678699526809600,06 02 31.43,15 53 02.61,DA,6855.76616,8.250917,37.89,,
WD 0622-801,Gaia EDR3 5210778263380292096,06 18 12.88,-80 11 49.93,DA,,,35.74,14.74,
WD 0628-020,Gaia EDR3 3117320802840630400,06 30 38.48,-02 05 53.24,DA,6283.0,7.777,21.40,15.36,
WD 0632+40,Gaia EDR3 957295438016687616,06 36 29.87,40 54 24.63,DA,7569.21859,8.365,39.67,,
WD 0655-390,Gaia EDR3 5564171814627287296,06 57 05.50,-39 09 38.08,DA,6310.0,8.01,16.51,15.11,
WD 0701-58,Gaia EDR3 5480556532316697216,07 02 19.62,-58 50 05.79,DA,14560.0,8.56,29.39,14.46,
WD 0724+146,Gaia EDR3 3166841329084630784,07 27 04.31,14 34 38.54,DA,5691.0,7.989,31.19,,18.2
WD 0753+417,Gaia EDR3 922434906461782272,07 56 31.11,41 39 45.36,DA,6853.0,8.378,32.73,,17.44199
WD 0802+387,Gaia EDR3 908962109449446656,08 05 56.82,38 33 35.85,DA,4911.0,8.066,20.63,16.89,19.015
WD 0805+356,Gaia EDR3 905923368548465152,08 09 11.14,35 27 55.71,DA,8708.61714,7.790942,35.19,15.14,15.54425
WD 0821-669,Gaia EDR3 5272690766709543680,08 21 25.61,-67 03 09.46,DA,5060.0,8.12,10.68,15.34,
WD 0840+243,Gaia EDR3 690287663506579328,08 42 57.49,24 09 30.03,DA,5888.0,8.008,37.99,,18.36
WD 0855+416,Gaia EDR3 912718071240545152,08 58 30.74,41 26 29.72,DAH,7097.0,8.384,38.17,,17.59
WD 0909+200,Gaia EDR3 636732410620758016,09 12 44.94,19 51 52.38,DA,5073.0,8.04,33.95,,19.688
WD 0920+012,Gaia EDR3 3843957354387777152,09 22 56.03,01 03 05.69,DAZ,6068.0,7.981,32.36,16.59,17.664
WD 0925+189,Gaia EDR3 633911196927706880,09 28 40.40,18 41 10.99,DA,7765.0,8.447,36.48,16.643,17.09
WD 0927-173,Gaia EDR3 5681903877597244032,09 29 43.53,-17 32 55.65,DA,10000.0,8.91,33.24,16.04,
WD 0928-71,Gaia EDR3 5219215228420645248,09 29 06.99,-71 33 53.49,DA,8370.0,8.16,25.55,15.44,
WD 1001-033,Gaia EDR3 3828424828500179584,10 03 38.70,-03 37 57.90,DA,8346.0,7.994,33.38,15.45,
WD 1024-382,Gaia EDR3 5441714531716273920,10 26 20.84,-38 30 43.33,DA,,,29.16,15.92,
WD 1027-261,Gaia EDR3 5469171261208778240,10 29 57.65,-26 24 08.37,DA,5721.0,7.992,34.19,17.05,
WD 1049-158,Gaia EDR3 3557394009663078912,10 52 20.36,-16 08 03.60,DA,18085.0,8.321,38.69,14.357,
WD 1054-226,Gaia EDR3 3549471753507182592,10 56 38.54,-22 52 51.31,DA,7690.0,8.07,36.16,15.998,16.55
WD 1102-183,Gaia EDR3 3552845261339955200,11 04 47.02,-18 37 13.94,DA,8038.0,7.987,39.88,15.99,16.44
WD 1104+150,Gaia EDR3 3968635204109066880,11 07 09.43,14 46 56.23,DA,6582.69988,7.95832,38.33,,17.37
WD 1105-340,Gaia EDR3 5401688425816913920,11 07 47.95,-34 20 55.70,DA,13891.0,8.06,26.18,13.66,
WD 1114+06,Gaia EDR3 3817262208497857024,11 16 40.01,06 27 02.27,DA,6384.0,7.982,37.53,16.75,17.607
WD 1124-293,Gaia EDR3 3482983495102507904,11 27 09.51,-29 40 15.51,DA,9348.0,7.98,33.53,15.04,
WD 1141-012,Gaia EDR3 3793132257595347200,11 43 51.86,-01 31 49.36,DA,6614.0,8.365,39.61,17.06,18.06
WD 1143-013,Gaia EDR3 3794567429507510528,11 46 26.15,-01 36 43.86,DA,6615.0,8.034,32.91,16.39,17.136
WD 1146-290,Gaia EDR3 3480776843983381632,11 49 04.76,-29 21 48.67,DA,5745.0,8.363,31.00,17.3,
WD 1151+246,Gaia EDR3 4004395720290994048,11 54 34.57,24 22 37.76,DA,8647.84058,8.485258,26.53,15.26,15.94
WD 1157+438,Gaia EDR3 1537794524729363712,12 00 02.94,43 35 41.06,DA,7796.93162,7.861882,37.33,15.71,16.30446
WD 1159-098,Gaia EDR3 3575770010060921728,12 02 07.45,-10 04 41.40,DA,9200.0,8.535,31.64,15.97,
WD 1202-232,Gaia EDR3 3489719481290397696,12 05 26.72,-23 33 08.51,DAZ,8636.0,8.005,10.43,12.8,
WD 1208+076,Gaia EDR3 3904628406009296896,12 11 18.75,07 24 44.52,DA,5222.0,7.925,25.31,16.53,18.51
WD 1214+690,Gaia EDR3 1683330453627242752,12 17 00.59,68 48 51.39,DA,6419.94275,8.377004,32.76,,17.81
WD 1224+321,Gaia EDR3 4015547856277853824,12 27 24.37,31 50 21.05,DA,6563.0,7.971,38.88,,17.47
WD 1225+006,Gaia EDR3 3696778892558087552,12 28 07.67,00 22 21.12,DA,9323.0,7.994,32.31,14.8,15.37
WD 1230+063,Gaia EDR3 3708578473389974528,12 33 22.36,06 07 05.36,DA,5400.0,8.256,38.14,,19.601
WD 1236+457,Gaia EDR3 1541286711100812160,12 39 13.72,45 25 05.55,DA,6415.0,8.317,26.84,,17.3637
WD 1238+183,Gaia EDR3 3935942939548822272,12 40 29.83,18 07 27.18,DA,5474.0,8.029,39.43,,19.2
WD 1310+583,Gaia EDR3 1566603962760532736,13 12 58.29,58 05 09.98,DA,10244.0255,7.645305,30.79,14.09,14.48
WD 1315-110,Gaia EDR3 3623233040812235904,13 17 47.09,-11 21 05.88,DA,8950.0,8.014,39.71,15.6,
WD 1316-215,Gaia EDR3 3506061587037686144,13 19 24.74,-21 48 02.24,DA,5815.0,8.588,19.76,16.67,
WD 1319+466,Gaia EDR3 1551062778220116992,13 21 14.74,46 23 25.00,DA,14573.4585,8.373724,32.88,14.55,14.7
WD 1324+458,Gaia EDR3 1550299304833675392,13 26 52.96,45 32 43.87,DA+M3V,,,30.51,12.96,
WD 1334+366,Gaia EDR3 1472029470098019072,13 36 30.30,36 23 46.22,DA,6881.0,8.01,35.44,,17.06027
WD 1334-67,Gaia EDR3 5850533227210203520,13 38 05.82,-68 04 36.03,DA,8840.0,8.16,39.78,15.57,
WD 1339-340,Gaia EDR3 6165095738576250624,13 41 59.91,-34 15 01.09,DA,5230.0,7.99,20.78,16.45,
WD 1344+572,Gaia EDR3 1658578797618935680,13 46 01.68,57 00 35.82,DA,14059.0,8.052,24.97,13.3,13.718
WD 1407+425,Gaia EDR3 1498447607777405312,14 09 45.22,42 16 00.50,DAZ,9873.62689,8.05279,35.89,15.03,15.44302
WD 1408+029,Gaia EDR3 3667514634669861120,14 10 39.94,02 45 09.18,DAZ,5597.0,7.991,27.71,,18.05
WD 1411-362,Gaia EDR3 6118079453145005312,14 14 21.26,-36 30 24.48,DA,5030.0,8.0,35.18,17.86,
WD 1418-088,Gaia EDR3 6329136310728635776,14 20 54.30,-09 05 09.50,DA,7645.0,7.547,38.29,15.36,
WD 1436-781,Gaia EDR3 5785654859950570496,14 42 49.33,-78 23 53.22,DA,6271.0,8.06,23.99,16.11,
WD 1515+668,Gaia EDR3 1645204475617697536,15 15 52.96,66 42 44.42,DA,10099.0,8.248,38.22,,15.803
WD 1531+024,Gaia EDR3 4424031479858305408,15 34 17.38,02 18 46.78,DA,8293.0,8.481,33.75,16.43,16.68
WD 1540+236,Gaia EDR3 1218051664291152000,15 42 34.69,23 29 35.03,DA,5937.0,8.215,27.79,,17.899
WD 1559+534,Gaia EDR3 1404831472640252928,16 01 12.44,53 17 04.19,DA,6648.47394,7.9812,37.66,,17.27885
WD 1605+345,Gaia EDR3 1323922779935068160,16 07 14.22,34 23 42.54,DA,5574.0,7.971,34.35,,18.605
WD 1630+089,Gaia EDR3 4440264291578812928,16 32 33.47,08 51 18.53,DA,5595.88112,8.015485,12.93,15.08,16.44
WD 1647-327,Gaia EDR3 6027138331058857088,16 50 44.21,-32 49 30.89,DA8.5,6120.0,7.92,27.12,16.21,
WD 1650-011,Gaia EDR3 4379328051494006784,16 52 37.73,-01 14 02.26,DA,,,30.25,,
WD 1653+256,Gaia EDR3 1306197930941817984,16 55 38.97,25 33 43.48,DA,11195.0,9.246,36.49,,17.17898
WD 1653+385,Gaia EDR3 1351956512512484480,16 54 45.71,38 29 31.40,DAZ,5792.0,8.178,27.3,15.86,17.987
WD 1656-062,Gaia EDR3 4340322876499078400,16 58 47.39,-06 17 11.00,DA,5587.0,8.099,31.81,17.14,18.589
WD 1657+321,Gaia EDR3 1313405848136604672,16 59 39.72,32 03 16.58,DA,6403.0,8.472,37.43,,18.356
WD 1658+440,Gaia EDR3 1358301480583401728,16 59 48.38,44 01 05.62,DAH,28169.0,9.186,31.65,15.02,14.321
WD 1658+445,Gaia EDR3 1358325021299899136,16 59 35.48,44 25 39.51,DA,5504.0,7.927,28.50,,18.275
WD 1703+261,Gaia EDR3 4573071139998034048,17 05 52.54,26 05 46.67,DA,5947.53105,8.20408,34.67,,18.263
WD 1713+393,Gaia EDR3 1341543072245722752,17 14 50.78,39 18 40.63,DAH,6615.58344,7.767826,39.58,,17.168
WD 1722+279,Gaia EDR3 4598266758185956864,17 24 13.37,27 56 54.35,DA,6115.0,8.302,38.56,,18.49976
WD 1741+436,Gaia EDR3 1349256249394224128,17 42 48.46,43 38 05.81,DA,5444.0,7.99,31.39,,18.68
WD 1756+143,Gaia EDR3 4499839473701254400,17 58 22.00,14 17 28.77,DA,5350.88658,7.934605,21.31,16.27,
WD 1814+134,Gaia EDR3 4497414466452138496,18 17 06.02,13 28 07.14,DA,4816.11257,7.767634,15.13,15.86,18.03
WD 1814+24,Gaia EDR3 4578913738632417920,18 16 08.84,24 54 36.94,DAP,6687.22581,8.246933,37.64,,
WD 2008-799,Gaia EDR3 6361559602963567744,20 16 51.75,-79 45 57.49,DA,5800.0,7.97,24.15,16.35,
WD 2035-369,Gaia EDR3 6683212727417918848,20 38 41.71,-36 49 14.57,DA,9647.0,8.16,31.64,14.93,
WD 2040-392,MCT 2040-3914,20 43 49.20,-39 03 23.63,DA,10563.0,7.854,23.0,13.74,
WD 2048-250,Gaia EDR3 6805808514433280000,20 51 00.15,-24 52 06.83,DA,7465.0,8.073,26.80,15.42,
WD 2051-208,Gaia EDR3 6857295585945072128,20 54 42.88,-20 39 25.76,DA,19083.0,9.012,31.28,15.06,
WD 2057-493,Gaia EDR3 6478328218869704192,21 01 04.73,-49 06 27.89,DA,5320.0,8.09,13.34,15.48,
WD 2059+247,Gaia EDR3 1841254644460354688,21 02 12.41,24 57 40.13,DA,5983.24001,8.128747,28.03,16.57,17.608
WD 2103-397,MCT 2103-3947,21 06 32.18,-39 35 59.83,DA,7779.0,8.226,25.0,15.31,
WD 2119+040,Gaia EDR3 2693095097621419648,21 22 12.27,04 13 50.15,DA,4948.0,7.784,24.22,16.78,18.86
WD 2119-017,Gaia EDR3 2685959542034846464,21 21 47.69,-01 30 36.23,DA,6450.0,8.027,35.13,16.59,17.418
WD 2133+463,Gaia EDR3 1977417206686680704,21 35 17.75,46 33 11.69,DA,4900.26701,7.91818,39.03,17.97,
WD 2157-574,Gaia EDR3 6412251624488840448,22 00 44.96,-57 11 24.23,DAZ,7220.0,,29.37,15.96,
WD 2209-147,Gaia EDR3 2600033326799287296,22 12 18.23,-14 29 44.53,DA,7654.0,7.249,37.98,15.09,
WD 2227+232,Gaia EDR3 1875613386395668864,22 29 34.22,23 27 38.65,DA,5013.0,8.108,36.54,,20.123
WD 2228+151,Gaia EDR3 2736054627915080448,22 30 56.16,15 23 56.88,DA,5292.0,8.123,38.53,,19.612
WD 2306-220,Gaia EDR3 2386223463892847872,23 08 41.12,-21 45 01.16,DA3.0,16285.0,7.86,32.77,,
WD 2309+129,Gaia EDR3 2812250821990695936,23 12 05.95,13 10 54.00,DA:,5152.0,7.93,31.97,,19.234
WD 2322+137,Gaia EDR3 2813020961166816512,23 25 20.25,14 03 41.44,DA,4985.1271,7.304846,23.54,15.81,18.052
WD J0902-041,Gaia EDR3 5762406957886626816,09 02 17.29,-04 06 55.38,DA,24550.0,7.89,37.92,12.4,
WD J2214-390,Gaia EDR3 6573778541262656256,22 14 36.14,-38 59 13.16,DA,6120.0,8.33,18.16,15.91,
Wolf 1,Gaia EDR3 2545505281002947200,00 13 39.60,00 19 21.64,DA,9507.0,7.985,40.00,15.31,18.04222
Wolf 226,Gaia EDR3 243645699341060608,03 47 22.19,43 58 58.40,DA,13619.8983,8.004828,31.91,,
Wolf 457,Gaia EDR3 3704392873141718912,13 00 08.59,03 28 27.21,DA,5632.34887,8.189577,16.50,15.83,17.191
Wolf 489,LHS 46,13 36 31.68,03 40 44.40,DA,4971.0,7.94,8.24,14.66,16.794
Wolf 672 A,Gaia EDR3 4387171623850187648,17 18 34.70,01 56 48.64,DA,12461.5958,7.891566,38.17,14.26,
Wolf 72,Gaia EDR3 2585189473147457408,01 29 24.11,10 22 55.17,DA,8493.0,7.473,29.26,14.38,14.981
Wolf 82,Gaia EDR3 98092934167683072,01 46 41.11,21 54 46.35,DA,9149.0,8.292,26.51,15.05,15.475
[OHD2001] WD J2214-390,[OHD2001] WD J2214-390,22 14 34.75,-38 59 07.27,DA8,,,18.15,16.14,
