T:,5000,6000,7000,8000,9000,10000,11000,12000,13000,14000,15000,16000,17000,18000,19000,20000,21000,22000,23000,24000,25000,26000,27000,28000,29000,30000
qcvz:,-4.307,-6.22,-7.297,-7.907,-8.537,-9.719,-12.038,-15.248,-15.545,-15.715,-15.922,-15.945,-15.893,-15.825,-15.758,-15.713,-15.649,-15.607,-15.566,-15.525,-15.507,-15.469,-15.431,-15.415,-15.378,-15.363
2,7.311,5.917,5.114,4.673,4.253,3.483,1.9,-1.523,-2.476,-2.986,-3.721,-3.34,-2.651,-2.029,-1.561,-1.292,-1.078,-0.973,-0.904,-0.857,-0.84,-0.813,-0.792,-0.788,-0.771,-0.768
3,7.252,5.806,5.007,4.585,4.165,3.344,1.558,-0.763,-0.976,-1.104,-1.261,-1.282,-1.252,-1.213,-1.177,-1.157,-1.124,-1.106,-1.089,-1.073,-1.071,-1.056,-1.041,-1.041,-1.026,-1.026
4,7.268,5.743,4.976,4.544,4.108,3.247,1.643,-0.489,-0.759,-0.918,-1.13,-1.098,-0.995,-0.904,-0.837,-0.801,-0.757,-0.733,-0.713,-0.694,-0.69,-0.673,-0.658,-0.656,-0.642,-0.641
5,7.227,5.742,4.974,4.532,4.092,3.307,1.787,-0.831,-1.127,-1.275,-1.45,-1.46,-1.394,-1.286,-1.153,-1.05,-0.938,-0.875,-0.829,-0.793,-0.779,-0.751,-0.721,-0.706,-0.666,-0.641
6,7.167,5.792,5.023,4.587,4.164,3.396,1.82,-0.99,-1.221,-1.354,-1.514,-1.532,-1.495,-1.442,-1.379,-1.322,-1.225,-1.142,-1.057,-0.98,-0.937,-0.883,-0.839,-0.821,-0.789,-0.776
7,7.174,5.819,5.039,4.61,4.192,3.412,1.711,-1.079,-1.302,-1.434,-1.597,-1.613,-1.577,-1.533,-1.487,-1.454,-1.391,-1.332,-1.255,-1.166,-1.105,-1.023,-0.957,-0.925,-0.883,-0.868
8,7.193,5.832,5.035,4.605,4.188,3.37,1.61,-1.156,-1.383,-1.517,-1.686,-1.694,-1.651,-1.604,-1.561,-1.536,-1.494,-1.462,-1.418,-1.358,-1.307,-1.215,-1.121,-1.065,-0.995,-0.964
9,7.183,5.798,4.958,4.524,4.102,3.247,1.551,-1.261,-1.521,-1.679,-1.898,-1.863,-1.776,-1.705,-1.652,-1.623,-1.583,-1.559,-1.535,-1.505,-1.487,-1.44,-1.378,-1.33,-1.247,-1.194
10,7.213,5.76,4.912,4.484,4.061,3.244,1.439,-1.356,-1.724,-1.965,-2.351,-2.193,-1.957,-1.804,-1.712,-1.669,-1.62,-1.595,-1.573,-1.551,-1.543,-1.516,-1.479,-1.452,-1.387,-1.338
11,7.204,5.678,4.876,4.451,4.03,3.177,1.392,-1.296,-1.512,-1.641,-1.798,-1.82,-1.79,-1.751,-1.715,-1.695,-1.661,-1.644,-1.626,-1.608,-1.606,-1.586,-1.563,-1.551,-1.51,-1.478
12,7.223,5.665,4.85,4.419,3.988,3.131,1.391,-0.85,-1.071,-1.204,-1.371,-1.376,-1.331,-1.282,-1.24,-1.217,-1.181,-1.162,-1.143,-1.125,-1.123,-1.106,-1.091,-1.089,-1.074,-1.073
13,7.208,5.603,4.807,4.379,3.951,3.121,1.435,-0.909,-1.157,-1.306,-1.506,-1.487,-1.411,-1.343,-1.287,-1.252,-1.196,-1.151,-1.098,-1.04,-1.005,-0.953,-0.91,-0.892,-0.863,-0.854
14,7.193,5.591,4.826,4.4,3.971,3.139,1.569,-0.987,-1.254,-1.408,-1.611,-1.584,-1.491,-1.406,-1.339,-1.301,-1.249,-1.213,-1.17,-1.119,-1.082,-1.02,-0.962,-0.934,-0.892,-0.875
15,7.12,5.584,4.829,4.398,3.966,3.158,1.594,-1.074,-1.378,-1.55,-1.77,-1.738,-1.618,-1.5,-1.411,-1.362,-1.305,-1.272,-1.24,-1.204,-1.183,-1.136,-1.085,-1.054,-1.003,-0.977
16,7.103,5.611,4.851,4.417,3.992,3.213,1.57,-1.179,-1.515,-1.687,-1.892,-1.88,-1.768,-1.625,-1.496,-1.421,-1.346,-1.306,-1.272,-1.239,-1.221,-1.18,-1.131,-1.099,-1.043,-1.012
17,7.041,5.611,4.842,4.414,3.998,3.215,1.487,-1.415,-1.679,-1.82,-1.989,-2.001,-1.95,-1.868,-1.764,-1.671,-1.55,-1.467,-1.4,-1.345,-1.318,-1.273,-1.225,-1.193,-1.133,-1.096
18,6.981,5.602,4.823,4.395,3.982,3.16,1.455,-1.51,-1.753,-1.889,-2.055,-2.069,-2.029,-1.969,-1.893,-1.818,-1.696,-1.597,-1.508,-1.438,-1.404,-1.361,-1.326,-1.311,-1.279,-1.263
19,6.999,5.643,4.836,4.403,3.984,3.152,1.415,-1.514,-1.742,-1.872,-2.031,-2.053,-2.021,-1.974,-1.919,-1.866,-1.762,-1.661,-1.557,-1.465,-1.42,-1.366,-1.326,-1.311,-1.281,-1.268
20,7.008,5.656,4.818,4.389,3.971,3.158,1.394,-1.051,-1.263,-1.39,-1.545,-1.563,-1.531,-1.49,-1.452,-1.431,-1.397,-1.378,-1.36,-1.342,-1.34,-1.323,-1.306,-1.303,-1.284,-1.277
21,6.989,5.609,4.779,4.356,3.939,3.097,1.369,-1.096,-1.313,-1.441,-1.598,-1.614,-1.58,-1.536,-1.491,-1.459,-1.404,-1.36,-1.31,-1.256,-1.225,-1.177,-1.135,-1.118,-1.087,-1.077
22,6.993,5.569,4.76,4.334,3.911,3.066,1.339,-1.125,-1.343,-1.472,-1.63,-1.646,-1.61,-1.565,-1.519,-1.486,-1.426,-1.376,-1.319,-1.26,-1.227,-1.18,-1.142,-1.127,-1.099,-1.091
23,6.996,5.546,4.735,4.307,3.883,3.053,1.345,-1.155,-1.373,-1.502,-1.662,-1.676,-1.64,-1.595,-1.552,-1.522,-1.47,-1.426,-1.372,-1.313,-1.277,-1.224,-1.179,-1.161,-1.13,-1.12
24,7.016,5.533,4.732,4.299,3.874,3.012,1.361,-1.159,-1.373,-1.5,-1.656,-1.675,-1.642,-1.601,-1.561,-1.535,-1.488,-1.45,-1.402,-1.346,-1.308,-1.251,-1.201,-1.179,-1.146,-1.134
25,7.017,5.509,4.693,4.248,3.821,2.998,1.345,-1.208,-1.438,-1.575,-1.75,-1.749,-1.696,-1.643,-1.596,-1.567,-1.518,-1.478,-1.426,-1.364,-1.324,-1.263,-1.214,-1.194,-1.162,-1.152
26,7.034,5.513,4.66,4.23,3.814,3.014,1.348,-1.255,-1.51,-1.66,-1.856,-1.836,-1.755,-1.682,-1.622,-1.586,-1.534,-1.493,-1.445,-1.389,-1.351,-1.292,-1.241,-1.217,-1.181,-1.169
27,7.027,5.475,4.649,4.229,3.816,3.01,1.316,-1.235,-1.465,-1.603,-1.781,-1.779,-1.726,-1.672,-1.628,-1.602,-1.563,-1.537,-1.508,-1.472,-1.447,-1.395,-1.337,-1.303,-1.252,-1.229
28,7.036,5.466,4.673,4.255,3.839,3.027,1.275,-1.237,-1.473,-1.615,-1.801,-1.793,-1.732,-1.675,-1.628,-1.602,-1.563,-1.539,-1.513,-1.481,-1.46,-1.412,-1.355,-1.32,-1.264,-1.237
29,6.991,5.441,4.66,4.239,3.821,2.972,1.262,-1.265,-1.498,-1.64,-1.83,-1.821,-1.76,-1.704,-1.659,-1.635,-1.597,-1.575,-1.55,-1.521,-1.504,-1.459,-1.404,-1.368,-1.309,-1.28
